Org,Org Country,Via,Dst,Dst Country,Stops,Seats_total
BCV,BZ,,BZE,BZ,0,8760
BCV,BZ,TZA,BZE,BZ,1,4380
BCV,BZ,,CUK,BZ,0,8760
BCV,BZ,,CYD,BZ,0,4380
BCV,BZ,,SPR,BZ,0,4380
BCV,BZ,CUK,SPR,BZ,1,8760
BCV,BZ,,TZA,BZ,0,4380
BCV,BZ,BZE,TZA,BZ,1,8760
BZE,BZ,,BCV,BZ,0,4380
BZE,BZ,TZA,BCV,BZ,1,4380
BZE,BZ,,CUK,BZ,0,43800
BZE,BZ,,CUK,BZ,0,18260
BZE,BZ,,CYC,BZ,0,10
BZE,BZ,,CYD,BZ,0,4380
BZE,BZ,TZA,CYD,BZ,1,4380
BZE,BZ,,DGA,BZ,0,21900
BZE,BZ,TZA,DGA,BZ,1,17520
BZE,BZ,,DGA,BZ,0,30490
BZE,BZ,TZA,DGA,BZ,1,3650
BZE,BZ,DGA,INB,BZ,1,3640
BZE,BZ,,PLJ,BZ,0,8760
BZE,BZ,DGA,PLJ,BZ,1,21900
BZE,BZ,,PLJ,BZ,0,5950
BZE,BZ,DGA,PLJ,BZ,1,6490
BZE,BZ,,SPR,BZ,0,4380
BZE,BZ,CUK,SPR,BZ,1,43800
BZE,BZ,,SPR,BZ,0,22490
BZE,BZ,CYC,SPR,BZ,1,18270
BZE,BZ,DGA,SVK,BZ,1,20360
BZE,BZ,,TZA,BZ,0,61320
BZE,BZ,,TZA,BZ,0,64580
CUK,BZ,,BCV,BZ,0,8760
CUK,BZ,,BZE,BZ,0,43800
CUK,BZ,,BZE,BZ,0,18280
CUK,BZ,,CZH,BZ,0,20
CUK,BZ,,SPR,BZ,0,78840
CUK,BZ,,SPR,BZ,0,18320
CUK,BZ,,TZA,BZ,0,26280
CUK,BZ,BZE,TZA,BZ,1,18280
CYC,BZ,,SPR,BZ,0,10
CZH,BZ,,ORZ,BZ,0,3650
CZH,BZ,,SPR,BZ,0,26280
CZH,BZ,,SPR,BZ,0,10950
CZH,BZ,ORZ,SPR,BZ,1,3650
DGA,BZ,,BZE,BZ,0,30660
DGA,BZ,TZA,BZE,BZ,1,4380
DGA,BZ,,BZE,BZ,0,24600
DGA,BZ,,INB,BZ,0,3640
DGA,BZ,SVK,INB,BZ,1,5690
DGA,BZ,,PLJ,BZ,0,39420
DGA,BZ,,PLJ,BZ,0,10110
DGA,BZ,SVK,PLJ,BZ,1,20790
DGA,BZ,PLJ,PND,BZ,1,21900
DGA,BZ,PLJ,PND,BZ,1,2040
DGA,BZ,,SVK,BZ,0,20400
DGA,BZ,PLJ,SVK,BZ,1,10
DGA,BZ,,TZA,BZ,0,4380
DGA,BZ,BZE,TZA,BZ,1,21900
DGA,BZ,BZE,TZA,BZ,1,24450
INB,BZ,DGA,BZE,BZ,1,140
INB,BZ,,DGA,BZ,0,140
INB,BZ,PLJ,DGA,BZ,1,3830
INB,BZ,,PLJ,BZ,0,26090
INB,BZ,,PND,BZ,0,12400
INB,BZ,,SVK,BZ,0,20
INB,BZ,PLJ,SVK,BZ,1,15400
ORZ,BZ,,CZH,BZ,0,3650
ORZ,BZ,,SPR,BZ,0,3650
PLJ,BZ,,BZE,BZ,0,4380
PLJ,BZ,DGA,BZE,BZ,1,30660
PLJ,BZ,,BZE,BZ,0,4100
PLJ,BZ,DGA,BZE,BZ,1,4610
PLJ,BZ,,DGA,BZ,0,35040
PLJ,BZ,,DGA,BZ,0,4610
PLJ,BZ,SVK,DGA,BZ,1,19970
PLJ,BZ,,INB,BZ,0,12640
PLJ,BZ,,PND,BZ,0,21900
PLJ,BZ,,PND,BZ,0,4500
PLJ,BZ,INB,PND,BZ,1,12400
PLJ,BZ,,SVK,BZ,0,19840
PLJ,BZ,INB,SVK,BZ,1,20
PLJ,BZ,DGA,TZA,BZ,1,4380
PND,BZ,PLJ,DGA,BZ,1,21900
PND,BZ,,INB,BZ,0,14240
PND,BZ,PLJ,INB,BZ,1,30
PND,BZ,,PLJ,BZ,0,21900
PND,BZ,,PLJ,BZ,0,2390
PND,BZ,INB,PLJ,BZ,1,14240
PND,BZ,PLJ,SVK,BZ,1,2360
SPR,BZ,,BCV,BZ,0,4380
SPR,BZ,CUK,BCV,BZ,1,8760
SPR,BZ,,BZE,BZ,0,4380
SPR,BZ,CUK,BZE,BZ,1,43800
SPR,BZ,,BZE,BZ,0,18810
SPR,BZ,CUK,BZE,BZ,1,18280
SPR,BZ,,CUK,BZ,0,78840
SPR,BZ,,CUK,BZ,0,18300
SPR,BZ,,CYD,BZ,0,4380
SPR,BZ,BCV,CYD,BZ,1,4380
SPR,BZ,,CZH,BZ,0,26280
SPR,BZ,,CZH,BZ,0,10930
SPR,BZ,CUK,CZH,BZ,1,3670
SPR,BZ,,ORZ,BZ,0,3650
SPR,BZ,,TZA,BZ,0,21900
SPR,BZ,CUK,TZA,BZ,1,26280
SPR,BZ,,TZA,BZ,0,3650
SPR,BZ,BZE,TZA,BZ,1,18200
SVK,BZ,DGA,BZE,BZ,1,19850
SVK,BZ,,DGA,BZ,0,19850
SVK,BZ,,INB,BZ,0,3250
SVK,BZ,PLJ,INB,BZ,1,10040
SVK,BZ,,PLJ,BZ,0,17150
SVK,BZ,INB,PLJ,BZ,1,3240
SVK,BZ,PLJ,PND,BZ,1,2460
TZA,BZ,,BCV,BZ,0,4380
TZA,BZ,BZE,BCV,BZ,1,4380
TZA,BZ,,BZE,BZ,0,21900
TZA,BZ,,BZE,BZ,0,57270
TZA,BZ,,CUK,BZ,0,26280
TZA,BZ,,CUK,BZ,0,10
TZA,BZ,BZE,CUK,BZ,1,18260
TZA,BZ,BZE,CYC,BZ,1,10
TZA,BZ,,CYD,BZ,0,4380
TZA,BZ,BZE,CYD,BZ,1,4380
TZA,BZ,,DGA,BZ,0,17520
TZA,BZ,BZE,DGA,BZ,1,4380
TZA,BZ,,DGA,BZ,0,3650
TZA,BZ,BZE,DGA,BZ,1,14600
TZA,BZ,DGA,PLJ,BZ,1,17520
TZA,BZ,BZE,PLJ,BZ,1,6140
TZA,BZ,,SPR,BZ,0,21900
TZA,BZ,CUK,SPR,BZ,1,26280
TZA,BZ,,SPR,BZ,0,10
TZA,BZ,CUK,SPR,BZ,1,21890
TZA,BZ,DGA,SVK,BZ,1,40
BZE,BZ,SAP,HAV,CU,1,210
BZE,BZ,,FRS,GT,0,4380
BZE,BZ,,RTB,HN,0,4320
BZE,BZ,,SAP,HN,0,3756
BZE,BZ,,CUN,MX,0,6036
BZE,BZ,,MID,MX,0,2580
BZE,BZ,,PTY,PA,0,658
BZE,BZ,,SAL,SV,0,35810
BZE,BZ,ORD,ALB,US,1,304
BZE,BZ,ORD,ANC,US,1,456
BZE,BZ,,ATL,US,0,58907
BZE,BZ,IAH,ATL,US,1,152
BZE,BZ,IAH,AUS,US,1,2398
BZE,BZ,MIA,BDL,US,1,43292
BZE,BZ,MIA,BOS,US,1,40616
BZE,BZ,ORD,BOS,US,1,13095
BZE,BZ,ORD,BWI,US,1,152
BZE,BZ,IAH,CLE,US,1,760
BZE,BZ,,CLT,US,0,768
BZE,BZ,,CLT,US,0,6252
BZE,BZ,IAH,DEN,US,1,7611
BZE,BZ,,DFW,US,0,50046
BZE,BZ,IAH,DFW,US,1,152
BZE,BZ,IAH,DTW,US,1,638
BZE,BZ,,EWR,US,0,8172
BZE,BZ,IAH,EWR,US,1,3018
BZE,BZ,,HOU,US,0,11154
BZE,BZ,IAH,IAD,US,1,4480
BZE,BZ,,IAH,US,0,119401
BZE,BZ,ORD,LAS,US,1,3036
BZE,BZ,,LAX,US,0,4088
BZE,BZ,,LAX,US,0,6895
BZE,BZ,IAH,LAX,US,1,3169
BZE,BZ,IAH,LGA,US,1,1520
BZE,BZ,,MIA,US,0,88388
BZE,BZ,IAH,MSY,US,1,7119
BZE,BZ,IAH,OKC,US,1,152
BZE,BZ,,ORD,US,0,4912
BZE,BZ,IAH,ORD,US,1,2178
BZE,BZ,IAH,PDX,US,1,1854
BZE,BZ,IAH,PHX,US,1,1383
BZE,BZ,IAH,PIT,US,1,152
BZE,BZ,IAH,SAT,US,1,707
BZE,BZ,DFW,SEA,US,1,11506
BZE,BZ,IAH,SEA,US,1,4222
BZE,BZ,EWR,SFO,US,1,2094
BZE,BZ,DFW,SJC,US,1,10500
BZE,BZ,IAH,SMF,US,1,760
BZE,BZ,ORD,SNA,US,1,1064
RIZ,CN,,DLC,CN,0,1304
RIZ,CN,,PVG,CN,0,1304
SJO,CR,BOG,GIG,BR,1,5640
LIR,CR,,YUL,CA,0,1800
LIR,CR,,YUL,CA,0,2268
LIR,CR,,YUL,CA,0,1134
LIR,CR,,YYC,CA,0,952
LIR,CR,,YYZ,CA,0,11524
LIR,CR,,YYZ,CA,0,378
LIR,CR,,YYZ,CA,0,5103
LIR,CR,,YYZ,CA,0,12832
SJO,CR,,YUL,CA,0,2960
SJO,CR,,YYZ,CA,0,19106
SJO,CR,SAL,YYZ,CA,1,50286
SJO,CR,,YYZ,CA,0,1701
SJO,CR,,YYZ,CA,0,680
SJO,CR,LIM,SCL,CL,1,59228
SJO,CR,,ADZ,CO,0,5760
SJO,CR,,BOG,CO,0,81992
SJO,CR,,BOG,CO,0,5640
DRK,CR,,SJO,CR,0,8068
DRK,CR,,SJO,CR,0,2864
DRK,CR,,SJO,CR,0,480
DRK,CR,,SJO,CR,0,8280
FON,CR,XQP,SJO,CR,1,4781
FON,CR,,SJO,CR,0,1600
FON,CR,,SJO,CR,0,240
FON,CR,,SJO,CR,0,4140
FON,CR,,XQP,CR,0,5294
FON,CR,,XQP,CR,0,96
GLF,CR,,PJM,CR,0,1209
GLF,CR,,PJM,CR,0,8
GLF,CR,,SJO,CR,0,5757
GLF,CR,PJM,SJO,CR,1,3489
GLF,CR,,SJO,CR,0,4176
GLF,CR,PJM,SJO,CR,1,8
GLF,CR,,SJO,CR,0,480
GLF,CR,PJM,SJO,CR,1,240
GLF,CR,,SJO,CR,0,8280
GLF,CR,PJM,SJO,CR,1,4140
GLF,CR,,XQP,CR,0,6289
LIO,CR,,SJO,CR,0,3534
LIO,CR,TTQ,SJO,CR,1,3344
LIO,CR,,SJO,CR,0,888
LIO,CR,,TTQ,CR,0,3933
LIO,CR,,TTQ,CR,0,1144
LIR,CR,,SJO,CR,0,1429
LIR,CR,TNO,SJO,CR,1,7992
LIR,CR,,SJO,CR,0,5264
LIR,CR,,SJO,CR,0,480
LIR,CR,TNO,SJO,CR,1,240
LIR,CR,,SJO,CR,0,8280
LIR,CR,TNO,SJO,CR,1,4140
LIR,CR,,SYQ,CR,0,1209
LIR,CR,TNO,SYQ,CR,1,513
LIR,CR,,TNO,CR,0,18594
LIR,CR,,TNO,CR,0,816
NOB,CR,,PBP,CR,0,665
NOB,CR,,SJO,CR,0,6289
NOB,CR,TMU,SJO,CR,1,4014
NOB,CR,,TMU,CR,0,7415
NOB,CR,PBP,TMU,CR,1,665
PBP,CR,,NOB,CR,0,1691
PBP,CR,TMU,SJO,CR,1,1254
PBP,CR,,TMU,CR,0,3002
PJM,CR,,DRK,CR,0,3686
PJM,CR,,GLF,CR,0,4009
PJM,CR,,GLF,CR,0,1680
PJM,CR,,SJO,CR,0,14286
PJM,CR,DRK,SJO,CR,1,3173
PJM,CR,,SJO,CR,0,3680
PJM,CR,,SJO,CR,0,1440
PJM,CR,,SJO,CR,0,24840
PMZ,CR,,SJO,CR,0,270
PMZ,CR,,SJO,CR,0,360
PMZ,CR,,SJO,CR,0,240
PMZ,CR,,SJO,CR,0,4140
SJO,CR,,DRK,CR,0,5541
SJO,CR,PJM,DRK,CR,1,2527
SJO,CR,,DRK,CR,0,2848
SJO,CR,,DRK,CR,0,480
SJO,CR,,DRK,CR,0,8280
SJO,CR,,FON,CR,0,5883
SJO,CR,,FON,CR,0,1776
SJO,CR,,FON,CR,0,240
SJO,CR,,FON,CR,0,4140
SJO,CR,,GLF,CR,0,5218
SJO,CR,PJM,GLF,CR,1,5757
SJO,CR,,GLF,CR,0,3208
SJO,CR,,GLF,CR,0,960
SJO,CR,,GLF,CR,0,16560
SJO,CR,,LIO,CR,0,8626
SJO,CR,,LIO,CR,0,1160
SJO,CR,,LIR,CR,0,11267
SJO,CR,TNO,LIR,CR,1,2638
SJO,CR,,LIR,CR,0,4784
SJO,CR,TNO,LIR,CR,1,1216
SJO,CR,,LIR,CR,0,480
SJO,CR,TNO,LIR,CR,1,240
SJO,CR,,LIR,CR,0,8280
SJO,CR,TNO,LIR,CR,1,4140
SJO,CR,,NOB,CR,0,6997
SJO,CR,PBP,NOB,CR,1,4598
SJO,CR,,PBP,CR,0,3363
SJO,CR,NOB,PBP,CR,1,665
SJO,CR,,PJM,CR,0,18131
SJO,CR,GLF,PJM,CR,1,1209
SJO,CR,,PJM,CR,0,5056
SJO,CR,,PJM,CR,0,1200
SJO,CR,GLF,PJM,CR,1,240
SJO,CR,,PJM,CR,0,20700
SJO,CR,GLF,PJM,CR,1,4140
SJO,CR,XQP,PMZ,CR,1,270
SJO,CR,,PMZ,CR,0,384
SJO,CR,,PMZ,CR,0,240
SJO,CR,,PMZ,CR,0,4140
SJO,CR,,TMU,CR,0,10101
SJO,CR,NOB,TMU,CR,1,6313
SJO,CR,,TMU,CR,0,7616
SJO,CR,,TMU,CR,0,1440
SJO,CR,,TMU,CR,0,24840
SJO,CR,,TNO,CR,0,2638
SJO,CR,LIR,TNO,CR,1,11267
SJO,CR,,TNO,CR,0,3264
SJO,CR,LIR,TNO,CR,1,840
SJO,CR,,TNO,CR,0,480
SJO,CR,LIR,TNO,CR,1,240
SJO,CR,,TNO,CR,0,8280
SJO,CR,LIR,TNO,CR,1,4140
SJO,CR,,TTQ,CR,0,620
SJO,CR,LIO,TTQ,CR,1,589
SJO,CR,,TTQ,CR,0,904
SJO,CR,,TTQ,CR,0,132
SJO,CR,,TTQ,CR,0,2364
SJO,CR,,XQP,CR,0,9866
SJO,CR,FON,XQP,CR,1,9265
SJO,CR,,XQP,CR,0,8728
SJO,CR,FON,XQP,CR,1,96
SJO,CR,,XQP,CR,0,1200
SJO,CR,,XQP,CR,0,20700
SYQ,CR,,LIR,CR,0,1722
SYQ,CR,LIR,TNO,CR,1,1722
TMU,CR,,NOB,CR,0,5187
TMU,CR,,SJO,CR,0,13906
TMU,CR,NOB,SJO,CR,1,2280
TMU,CR,,SJO,CR,0,8104
TMU,CR,,SJO,CR,0,1440
TMU,CR,,SJO,CR,0,24840
TNO,CR,,LIR,CR,0,4386
TNO,CR,,LIR,CR,0,1216
TNO,CR,,SJO,CR,0,11108
TNO,CR,LIR,SJO,CR,1,1429
TNO,CR,,SJO,CR,0,2832
TNO,CR,,SJO,CR,0,480
TNO,CR,LIR,SJO,CR,1,240
TNO,CR,,SJO,CR,0,8280
TNO,CR,LIR,SJO,CR,1,4140
TNO,CR,,SYQ,CR,0,513
TNO,CR,LIR,SYQ,CR,1,1209
TTQ,CR,,LIO,CR,0,880
TTQ,CR,,SJO,CR,0,5693
TTQ,CR,,SJO,CR,0,1176
TTQ,CR,,SJO,CR,0,132
TTQ,CR,,SJO,CR,0,2364
XQP,CR,,GLF,CR,0,5187
XQP,CR,,PMZ,CR,0,270
XQP,CR,,SJO,CR,0,15403
XQP,CR,PMZ,SJO,CR,1,2550
XQP,CR,,SJO,CR,0,9032
XQP,CR,,SJO,CR,0,1200
XQP,CR,,SJO,CR,0,20700
SJO,CR,SDQ,FRA,DE,1,35370
SJO,CR,,SDQ,DO,0,35370
SJO,CR,,MAD,ES,0,126013
SJO,CR,,GUA,GT,0,83808
SJO,CR,TGU,GUA,GT,1,1224
SJO,CR,,GUA,GT,0,75591
SJO,CR,,SAP,HN,0,22632
SJO,CR,,TGU,HN,0,24552
SJO,CR,,TGU,HN,0,51429
SJO,CR,SAL,CUN,MX,1,56068
SJO,CR,,CUN,MX,0,5742
SJO,CR,,GDL,MX,0,5742
SJO,CR,,MEX,MX,0,62218
SJO,CR,,MEX,MX,0,111268
SJO,CR,,MEX,MX,0,3600
LIR,CR,,ECI,NI,0,152
SJO,CR,,MGA,NI,0,3466
SJO,CR,,MGA,NI,0,83274
SJO,CR,,MGA,NI,0,28296
LIR,CR,,PTY,PA,0,10021
SJO,CR,,BOC,PA,0,5808
SJO,CR,,DAV,PA,0,7800
SJO,CR,,PAC,PA,0,17040
SJO,CR,,PTY,PA,0,108182
SJO,CR,,PTY,PA,0,371293
SJO,CR,,LIM,PE,0,53588
LIR,CR,,SAL,SV,0,14472
SJO,CR,,SAL,SV,0,216034
SJO,CR,MGA,SAL,SV,1,27072
LIR,CR,,ATL,US,0,77247
LIR,CR,IAH,ATL,US,1,972
LIR,CR,IAH,AUS,US,1,972
LIR,CR,IAH,BNA,US,1,167
LIR,CR,MIA,BOS,US,1,21150
LIR,CR,,BOS,US,0,3900
LIR,CR,IAH,BOS,US,1,2623
LIR,CR,ORD,BUF,US,1,285
LIR,CR,IAH,BWI,US,1,4269
LIR,CR,,BWI,US,0,1144
LIR,CR,IAH,CLE,US,1,167
LIR,CR,,CLT,US,0,1280
LIR,CR,,CLT,US,0,5474
LIR,CR,IAH,DCA,US,1,1002
LIR,CR,,DEN,US,0,2898
LIR,CR,,DEN,US,0,304
LIR,CR,IAH,DEN,US,1,2370
LIR,CR,,DFW,US,0,25454
LIR,CR,IAH,DFW,US,1,4160
LIR,CR,IAH,DTW,US,1,1276
LIR,CR,,EWR,US,0,26539
LIR,CR,IAH,EWR,US,1,1364
LIR,CR,,HOU,US,0,8723
LIR,CR,IAH,IAD,US,1,3691
LIR,CR,,IAH,US,0,118747
LIR,CR,,JFK,US,0,40200
LIR,CR,,JFK,US,0,1905
LIR,CR,IAH,LAS,US,1,1306
LIR,CR,,LAX,US,0,5591
LIR,CR,,LAX,US,0,12320
LIR,CR,IAH,LAX,US,1,805
LIR,CR,IAH,LGA,US,1,1473
LIR,CR,IAH,MCO,US,1,2340
LIR,CR,,MIA,US,0,75082
LIR,CR,,MSP,US,0,4675
LIR,CR,,MSP,US,0,6264
LIR,CR,IAH,MSY,US,1,334
LIR,CR,,ORD,US,0,2856
LIR,CR,,ORD,US,0,12686
LIR,CR,IAH,ORD,US,1,2248
LIR,CR,ORD,PDX,US,1,1216
LIR,CR,IAH,PHL,US,1,319
LIR,CR,IAH,PHX,US,1,972
LIR,CR,IAH,PIT,US,1,1002
LIR,CR,IAH,SAN,US,1,2612
LIR,CR,IAH,SAT,US,1,1398
LIR,CR,IAH,SEA,US,1,1969
LIR,CR,ORD,SFO,US,1,2625
LIR,CR,IAH,SLC,US,1,953
LIR,CR,IAH,SMF,US,1,486
LIR,CR,IAH,SNA,US,1,912
LIR,CR,IAH,TPA,US,1,501
SJO,CR,,ATL,US,0,128871
SJO,CR,IAH,ATL,US,1,3496
SJO,CR,IAH,AUS,US,1,8360
SJO,CR,IAH,BNA,US,1,152
SJO,CR,ATL,BOS,US,1,59799
SJO,CR,EWR,BOS,US,1,3952
SJO,CR,ORD,BUF,US,1,152
SJO,CR,IAH,BWI,US,1,1368
SJO,CR,,BWI,US,0,42900
SJO,CR,EWR,CLE,US,1,1064
SJO,CR,,CLT,US,0,2688
SJO,CR,,CLT,US,0,27260
SJO,CR,IAH,DCA,US,1,4256
SJO,CR,,DEN,US,0,4830
SJO,CR,,DEN,US,0,236
SJO,CR,IAH,DEN,US,1,15960
SJO,CR,,DFW,US,0,65068
SJO,CR,IAH,DFW,US,1,5320
SJO,CR,MIA,DTW,US,1,7800
SJO,CR,ATL,DTW,US,1,54827
SJO,CR,IAH,DTW,US,1,1976
SJO,CR,MIA,EWR,US,1,11250
SJO,CR,,EWR,US,0,109812
SJO,CR,IAH,EWR,US,1,2280
SJO,CR,,FLL,US,0,54750
SJO,CR,,FLL,US,0,102740
SJO,CR,,HOU,US,0,11011
SJO,CR,,IAD,US,0,10640
SJO,CR,IAH,IAD,US,1,14676
SJO,CR,,IAH,US,0,17557
SJO,CR,,IAH,US,0,196060
SJO,CR,,JFK,US,0,2184
SJO,CR,SAL,JFK,US,1,57420
SJO,CR,,JFK,US,0,3295
SJO,CR,IAH,LAS,US,1,4864
SJO,CR,MIA,LAX,US,1,23100
SJO,CR,,LAX,US,0,5495
SJO,CR,GUA,LAX,US,1,85626
SJO,CR,,LAX,US,0,64295
SJO,CR,IAH,LAX,US,1,20368
SJO,CR,IAH,LGA,US,1,304
SJO,CR,IAH,MCI,US,1,456
SJO,CR,PHX,MCI,US,1,124
SJO,CR,,MCO,US,0,61650
SJO,CR,IAH,MCO,US,1,13072
SJO,CR,IAH,MFE,US,1,456
SJO,CR,,MIA,US,0,198320
SJO,CR,,MSP,US,0,2172
SJO,CR,ORD,MSP,US,1,456
SJO,CR,IAH,MSY,US,1,11400
SJO,CR,IAH,OKC,US,1,456
SJO,CR,EWR,OMA,US,1,152
SJO,CR,PHX,OMA,US,1,744
SJO,CR,ATL,ORD,US,1,3275
SJO,CR,FLL,ORD,US,1,178
SJO,CR,,ORD,US,0,9576
SJO,CR,EWR,ORD,US,1,7752
SJO,CR,IAH,PDX,US,1,1672
SJO,CR,,PHL,US,0,256
SJO,CR,IAH,PHL,US,1,608
SJO,CR,,PHL,US,0,992
SJO,CR,,PHX,US,0,1792
SJO,CR,EWR,PHX,US,1,3648
SJO,CR,,PHX,US,0,12896
SJO,CR,IAH,PIT,US,1,4560
SJO,CR,IAH,RDU,US,1,3648
SJO,CR,ORD,ROC,US,1,152
SJO,CR,IAH,SAN,US,1,304
SJO,CR,IAH,SAT,US,1,1976
SJO,CR,EWR,SEA,US,1,8056
SJO,CR,EWR,SFO,US,1,4256
SJO,CR,IAH,SJC,US,1,456
SJO,CR,IAH,SLC,US,1,1790
SJO,CR,IAH,SMF,US,1,760
SJO,CR,IAH,SNA,US,1,152
SJO,CR,IAH,TPA,US,1,1216
FRS,GT,,BZE,BZ,0,4380
GUA,GT,SJO,ADZ,CO,1,5760
GUA,GT,,BOG,CO,0,37310
GUA,GT,,SJO,CR,0,83808
GUA,GT,TGU,SJO,CR,1,1224
GUA,GT,,SJO,CR,0,75436
GUA,GT,SAL,MAD,ES,1,53086
FRS,GT,,GUA,GT,0,24794
FRS,GT,,GUA,GT,0,53352
GUA,GT,,FRS,GT,0,24760
GUA,GT,,FRS,GT,0,53352
GUA,GT,,SAP,HN,0,7174
GUA,GT,,SAP,HN,0,26640
GUA,GT,,SAP,HN,0,17748
GUA,GT,,SAP,HN,0,4698
GUA,GT,,TGU,HN,0,1054
GUA,GT,,TGU,HN,0,25806
GUA,GT,SAP,TGU,HN,1,17748
GUA,GT,,TGU,HN,0,4698
GUA,GT,,CUN,MX,0,8818
GUA,GT,,GDL,MX,0,8788
GUA,GT,,MEX,MX,0,72096
GUA,GT,,MEX,MX,0,117018
GUA,GT,,MGA,NI,0,34430
GUA,GT,,MGA,NI,0,36072
GUA,GT,,PTY,PA,0,155571
GUA,GT,SJO,PTY,PA,1,75436
GUA,GT,,SAL,SV,0,164436
GUA,GT,,SAL,SV,0,53086
GUA,GT,,ATL,US,0,91645
GUA,GT,IAH,AUS,US,1,304
GUA,GT,IAH,BNA,US,1,152
GUA,GT,IAH,BOS,US,1,2888
GUA,GT,IAH,CLE,US,1,152
GUA,GT,IAH,DCA,US,1,608
GUA,GT,IAH,DEN,US,1,2482
GUA,GT,,DFW,US,0,58800
GUA,GT,IAH,DTW,US,1,456
GUA,GT,IAH,EGE,US,1,9120
GUA,GT,,EWR,US,0,17836
GUA,GT,IAH,EWR,US,1,2584
GUA,GT,,FLL,US,0,37255
GUA,GT,IAH,FLL,US,1,2584
GUA,GT,IAH,HDN,US,1,2432
GUA,GT,MIA,IAD,US,1,19800
GUA,GT,,IAD,US,0,5502
GUA,GT,IAH,IAD,US,1,8512
GUA,GT,,IAH,US,0,136310
GUA,GT,,JFK,US,0,2013
GUA,GT,IAH,LAS,US,1,4712
GUA,GT,,LAX,US,0,55200
GUA,GT,,LAX,US,0,67578
GUA,GT,IAH,LAX,US,1,1064
GUA,GT,ATL,LGA,US,1,59890
GUA,GT,IAH,LGA,US,1,608
GUA,GT,IAH,MCO,US,1,1064
GUA,GT,,MIA,US,0,165600
GUA,GT,,MIA,US,0,16226
GUA,GT,IAH,MSY,US,1,304
GUA,GT,IAH,MTJ,US,1,152
GUA,GT,IAH,OKC,US,1,152
GUA,GT,IAH,ORD,US,1,7296
GUA,GT,IAH,PDX,US,1,3192
GUA,GT,IAH,PHL,US,1,1064
GUA,GT,IAH,PHX,US,1,7296
GUA,GT,IAH,RDU,US,1,152
GUA,GT,IAH,RSW,US,1,760
GUA,GT,IAH,SAN,US,1,2280
GUA,GT,IAH,SAT,US,1,3800
GUA,GT,IAH,SEA,US,1,456
GUA,GT,IAH,SFO,US,1,1064
GUA,GT,IAH,SLC,US,1,152
GUA,GT,IAH,SNA,US,1,1672
GUA,GT,IAH,STL,US,1,304
GUA,GT,IAH,TPA,US,1,1216
GUA,GT,IAH,TUL,US,1,152
TGU,HN,MIA,MAO,BR,1,5824
RTB,HN,,BZE,BZ,0,4308
SAP,HN,,BZE,BZ,0,3756
SAP,HN,,SJO,CR,0,22632
TGU,HN,,SJO,CR,0,24840
TGU,HN,,SJO,CR,0,40692
SAP,HN,,HAV,CU,0,630
SAP,HN,,GUA,GT,0,8236
SAP,HN,,GUA,GT,0,26064
SAP,HN,,GUA,GT,0,8874
SAP,HN,,GUA,GT,0,4698
TGU,HN,,GUA,GT,0,26166
TGU,HN,,GUA,GT,0,4698
GJA,HN,,LCE,HN,0,11894
LCE,HN,,GJA,HN,0,10955
LCE,HN,,PEU,HN,0,5008
LCE,HN,,RTB,HN,0,24562
LCE,HN,,SAP,HN,0,6935
LCE,HN,,TGU,HN,0,5528
LCE,HN,,TGU,HN,0,8352
LCE,HN,,TGU,HN,0,21284
LCE,HN,,UII,HN,0,2808
PEU,HN,,LCE,HN,0,5008
PEU,HN,,TGU,HN,0,2808
RTB,HN,,LCE,HN,0,23360
RTB,HN,,SAP,HN,0,23904
RTB,HN,,SAP,HN,0,11268
RTB,HN,UII,SAP,HN,1,936
RTB,HN,,SAP,HN,0,13140
RTB,HN,,TGU,HN,0,11268
RTB,HN,,TGU,HN,0,7506
RTB,HN,,UII,HN,0,936
SAP,HN,,LCE,HN,0,6570
SAP,HN,,RTB,HN,0,23904
SAP,HN,,RTB,HN,0,10854
SAP,HN,UII,RTB,HN,1,936
SAP,HN,,RTB,HN,0,6570
SAP,HN,,TGU,HN,0,51484
SAP,HN,,TGU,HN,0,22446
SAP,HN,RTB,TGU,HN,1,6156
SAP,HN,,UII,HN,0,936
TGU,HN,,LCE,HN,0,5528
TGU,HN,,LCE,HN,0,8352
TGU,HN,,LCE,HN,0,23052
TGU,HN,,PEU,HN,0,2808
TGU,HN,,RTB,HN,0,11268
TGU,HN,,RTB,HN,0,5634
TGU,HN,,SAP,HN,0,50476
TGU,HN,,SAP,HN,0,13572
TGU,HN,RTB,SAP,HN,1,6570
UII,HN,,LCE,HN,0,2808
UII,HN,,RTB,HN,0,936
UII,HN,,SAP,HN,0,936
LCE,HN,,GCM,KY,0,14274
LCE,HN,,GCM,KY,0,5200
SAP,HN,,MEX,MX,0,27970
SAP,HN,,PTY,PA,0,29886
SAP,HN,SJO,PTY,PA,1,22632
TGU,HN,,PTY,PA,0,51429
TGU,HN,SJO,PTY,PA,1,40692
RTB,HN,,SAL,SV,0,27288
SAP,HN,,SAL,SV,0,104344
TGU,HN,,SAL,SV,0,97576
RTB,HN,,ATL,US,0,9825
RTB,HN,IAH,ATL,US,1,3630
RTB,HN,IAH,AUS,US,1,1792
RTB,HN,IAH,BOS,US,1,152
RTB,HN,IAH,BWI,US,1,760
RTB,HN,IAH,CLE,US,1,623
RTB,HN,IAH,DCA,US,1,152
RTB,HN,IAH,DEN,US,1,623
RTB,HN,,DFW,US,0,5772
RTB,HN,IAH,DFW,US,1,1064
RTB,HN,DFW,DTW,US,1,1276
RTB,HN,IAH,EWR,US,1,927
RTB,HN,,IAH,US,0,37235
RTB,HN,IAH,LAS,US,1,3713
RTB,HN,DFW,LAX,US,1,300
RTB,HN,IAH,LAX,US,1,1413
RTB,HN,,MIA,US,0,10534
RTB,HN,IAH,MSP,US,1,270
RTB,HN,IAH,MSY,US,1,726
RTB,HN,IAH,ORD,US,1,996
RTB,HN,IAH,PDX,US,1,270
RTB,HN,IAH,PHL,US,1,118
RTB,HN,IAH,PHX,US,1,304
RTB,HN,IAH,SAN,US,1,456
RTB,HN,IAH,SAT,US,1,270
RTB,HN,IAH,SEA,US,1,236
RTB,HN,DFW,SFO,US,1,1050
RTB,HN,IAH,SFO,US,1,1737
SAP,HN,,ATL,US,0,48948
SAP,HN,IAH,BOS,US,1,608
SAP,HN,IAH,BWI,US,1,912
SAP,HN,MIA,DFW,US,1,512
SAP,HN,IAH,DTW,US,1,304
SAP,HN,ATL,EWR,US,1,47670
SAP,HN,,EWR,US,0,6232
SAP,HN,IAH,EWR,US,1,760
SAP,HN,,FLL,US,0,40020
SAP,HN,IAH,IAD,US,1,608
SAP,HN,,IAH,US,0,15238
SAP,HN,,IAH,US,0,67337
SAP,HN,,JFK,US,0,13842
SAP,HN,IAH,LAS,US,1,775
SAP,HN,IAH,LAX,US,1,4256
SAP,HN,IAH,LGA,US,1,304
SAP,HN,IAH,MCO,US,1,760
SAP,HN,,MIA,US,0,79952
SAP,HN,,MIA,US,0,35284
SAP,HN,IAH,MSY,US,1,7600
SAP,HN,IAH,ORD,US,1,1216
SAP,HN,IAH,PDX,US,1,17718
SAP,HN,IAH,PHX,US,1,304
SAP,HN,IAH,SAT,US,1,912
SAP,HN,IAH,SDF,US,1,304
SAP,HN,IAH,SEA,US,1,304
SAP,HN,IAH,SFO,US,1,2751
TGU,HN,,ATL,US,0,45260
TGU,HN,IAH,ATL,US,1,354
TGU,HN,IAH,AUS,US,1,708
TGU,HN,IAH,BNA,US,1,4838
TGU,HN,IAH,BOS,US,1,354
TGU,HN,IAH,CLE,US,1,1534
TGU,HN,IAH,DCA,US,1,5546
TGU,HN,IAH,DEN,US,1,3304
TGU,HN,IAH,DFW,US,1,472
TGU,HN,IAH,DTW,US,1,944
TGU,HN,IAH,EWR,US,1,2714
TGU,HN,,IAH,US,0,45312
TGU,HN,IAH,JAC,US,1,944
TGU,HN,IAH,LAS,US,1,3304
TGU,HN,IAH,LAX,US,1,118
TGU,HN,IAH,LGA,US,1,1652
TGU,HN,IAH,MCO,US,1,1180
TGU,HN,,MIA,US,0,76354
TGU,HN,ATL,MSY,US,1,43400
TGU,HN,IAH,MSY,US,1,236
TGU,HN,IAH,ORD,US,1,354
TGU,HN,IAH,PDX,US,1,472
TGU,HN,IAH,PHL,US,1,118
TGU,HN,IAH,PHX,US,1,118
TGU,HN,IAH,PIT,US,1,236
TGU,HN,MIA,RDU,US,1,50574
TGU,HN,IAH,SAT,US,1,118
TGU,HN,IAH,SEA,US,1,826
TGU,HN,IAH,SFO,US,1,2006
TGU,HN,IAH,TPA,US,1,3422
CUN,MX,,EZE,AR,0,48440
CUN,MX,CCS,EZE,AR,1,11560
MEX,MX,,EZE,AR,0,99597
CUN,MX,,BRU,BE,0,19480
CUN,MX,VRA,BRU,BE,1,6257
CUN,MX,,LGG,BE,0,250
CUN,MX,,GRU,BR,0,23253
MEX,MX,,CNF,BR,0,205
MEX,MX,,GIG,BR,0,21379
MEX,MX,,GRU,BR,0,97820
MEX,MX,,GRU,BR,0,81395
CUN,MX,,BZE,BZ,0,6048
CUN,MX,,BZE,BZ,0,600
MID,MX,,BZE,BZ,0,2580
ACA,MX,,YUL,CA,0,2394
ACA,MX,,YYZ,CA,0,1323
CUN,MX,YQB,YBG,CA,1,4158
CUN,MX,,YEG,CA,0,15426
CUN,MX,YYC,YEG,CA,1,2220
CUN,MX,,YEG,CA,0,28917
CUN,MX,YYC,YEG,CA,1,1323
CUN,MX,,YEG,CA,0,22134
CUN,MX,,YHM,CA,0,3024
CUN,MX,,YHM,CA,0,3672
CUN,MX,,YHZ,CA,0,1580
CUN,MX,,YHZ,CA,0,5138
CUN,MX,,YHZ,CA,0,3213
CUN,MX,,YHZ,CA,0,7752
CUN,MX,,YKF,CA,0,2268
CUN,MX,,YLW,CA,0,126
CUN,MX,,YLW,CA,0,6256
CUN,MX,,YMM,CA,0,2646
CUN,MX,,YOW,CA,0,2231
CUN,MX,,YOW,CA,0,7308
CUN,MX,,YOW,CA,0,10773
CUN,MX,,YOW,CA,0,12920
CUN,MX,,YQB,CA,0,23120
CUN,MX,,YQB,CA,0,17199
CUN,MX,,YQB,CA,0,3672
CUN,MX,,YQG,CA,0,189
CUN,MX,,YQM,CA,0,2268
CUN,MX,,YQM,CA,0,2268
CUN,MX,,YQM,CA,0,3672
CUN,MX,,YQR,CA,0,2460
CUN,MX,,YQR,CA,0,3969
CUN,MX,YWG,YQR,CA,1,189
CUN,MX,,YQR,CA,0,9520
CUN,MX,,YQT,CA,0,189
CUN,MX,YMM,YQU,CA,1,2646
CUN,MX,,YSJ,CA,0,2079
CUN,MX,YHZ,YSJ,CA,1,189
CUN,MX,,YUL,CA,0,37302
CUN,MX,,YUL,CA,0,79440
CUN,MX,,YUL,CA,0,64260
CUN,MX,,YUL,CA,0,22998
CUN,MX,YUL,YVO,CA,1,3024
CUN,MX,,YVR,CA,0,14687
CUN,MX,YYJ,YVR,CA,1,345
CUN,MX,,YVR,CA,0,26649
CUN,MX,YYC,YVR,CA,1,4914
CUN,MX,,YVR,CA,0,25842
CUN,MX,,YWG,CA,0,4526
CUN,MX,,YWG,CA,0,7980
CUN,MX,YVR,YWG,CA,1,210
CUN,MX,,YWG,CA,0,9639
CUN,MX,YQT,YWG,CA,1,189
CUN,MX,,YWG,CA,0,13444
CUN,MX,,YXE,CA,0,2460
CUN,MX,,YXE,CA,0,4158
CUN,MX,,YXE,CA,0,7282
CUN,MX,,YXU,CA,0,2205
CUN,MX,,YXU,CA,0,4366
CUN,MX,,YYC,CA,0,11524
CUN,MX,,YYC,CA,0,14001
CUN,MX,,YYC,CA,0,24192
CUN,MX,YVR,YYC,CA,1,189
CUN,MX,,YYC,CA,0,61742
CUN,MX,,YYJ,CA,0,471
CUN,MX,,YYJ,CA,0,3672
CUN,MX,,YYT,CA,0,2170
CUN,MX,,YYT,CA,0,1512
CUN,MX,,YYZ,CA,0,70038
CUN,MX,,YYZ,CA,0,75369
CUN,MX,,YYZ,CA,0,80514
CUN,MX,,YYZ,CA,0,94292
CZM,MX,YYC,YEG,CA,1,252
CZM,MX,,YUL,CA,0,5284
CZM,MX,,YUL,CA,0,3402
CZM,MX,,YYC,CA,0,252
CZM,MX,,YYZ,CA,0,3358
CZM,MX,,YYZ,CA,0,3402
CZM,MX,,YYZ,CA,0,3402
CZM,MX,,YYZ,CA,0,7220
HUX,MX,,YEG,CA,0,3420
HUX,MX,,YEG,CA,0,1512
HUX,MX,YWG,YEG,CA,1,3213
HUX,MX,PVR,YQR,CA,1,189
HUX,MX,,YQR,CA,0,3780
HUX,MX,,YVR,CA,0,2646
HUX,MX,YYC,YVR,CA,1,2268
HUX,MX,,YWG,CA,0,4914
HUX,MX,YQR,YWG,CA,1,567
HUX,MX,,YXE,CA,0,945
HUX,MX,YQR,YXE,CA,1,3213
HUX,MX,,YYC,CA,0,210
HUX,MX,YEG,YYC,CA,1,3420
HUX,MX,,YYC,CA,0,4914
HUX,MX,,YYC,CA,0,816
HUX,MX,,YYZ,CA,0,4800
HUX,MX,,YYZ,CA,0,1701
HUX,MX,,YYZ,CA,0,4347
HUX,MX,,YYZ,CA,0,816
LTO,MX,,YYC,CA,0,2584
MEX,MX,,YUL,CA,0,7808
MEX,MX,,YUL,CA,0,60126
MEX,MX,,YVR,CA,0,42856
MEX,MX,,YVR,CA,0,3934
MEX,MX,,YYZ,CA,0,84152
MEX,MX,,YYZ,CA,0,31811
MID,MX,,YYZ,CA,0,438
MZT,MX,,YEG,CA,0,4914
MZT,MX,,YEG,CA,0,3672
MZT,MX,,YVR,CA,0,2079
MZT,MX,YYC,YVR,CA,1,3024
MZT,MX,,YVR,CA,0,3672
MZT,MX,,YYC,CA,0,3402
MZT,MX,YVR,YYC,CA,1,1701
MZT,MX,,YYC,CA,0,7716
MZT,MX,,YYZ,CA,0,3969
PVR,MX,,YEG,CA,0,11607
PVR,MX,YYC,YEG,CA,1,630
PVR,MX,,YEG,CA,0,7182
PVR,MX,YYC,YEG,CA,1,4158
PVR,MX,,YEG,CA,0,21872
PVR,MX,,YLW,CA,0,126
PVR,MX,,YLW,CA,0,3672
PVR,MX,,YOW,CA,0,189
PVR,MX,,YQB,CA,0,3420
PVR,MX,,YQQ,CA,0,3672
PVR,MX,,YQR,CA,0,2628
PVR,MX,,YQR,CA,0,3969
PVR,MX,YXE,YQR,CA,1,3024
PVR,MX,,YQR,CA,0,3672
PVR,MX,,YUL,CA,0,19095
PVR,MX,ZIH,YUL,CA,1,690
PVR,MX,,YUL,CA,0,2268
PVR,MX,,YVR,CA,0,5164
PVR,MX,,YVR,CA,0,14581
PVR,MX,YYC,YVR,CA,1,805
PVR,MX,,YVR,CA,0,15309
PVR,MX,,YVR,CA,0,29632
PVR,MX,,YWG,CA,0,5901
PVR,MX,,YWG,CA,0,6993
PVR,MX,,YWG,CA,0,10094
PVR,MX,,YXE,CA,0,3048
PVR,MX,,YXE,CA,0,6048
PVR,MX,YQR,YXE,CA,1,2079
PVR,MX,,YXE,CA,0,3536
PVR,MX,,YXS,CA,0,3672
PVR,MX,,YXX,CA,0,3672
PVR,MX,,YYC,CA,0,7406
PVR,MX,,YYC,CA,0,12085
PVR,MX,,YYC,CA,0,9450
PVR,MX,YVR,YYC,CA,1,567
PVR,MX,,YYC,CA,0,49988
PVR,MX,,YYJ,CA,0,126
PVR,MX,,YYJ,CA,0,3672
PVR,MX,,YYZ,CA,0,17162
PVR,MX,,YYZ,CA,0,8760
PVR,MX,,YYZ,CA,0,13986
PVR,MX,,YYZ,CA,0,8338
SJD,MX,YYC,YEG,CA,1,902
SJD,MX,PHX,YEG,CA,1,900
SJD,MX,,YEG,CA,0,4914
SJD,MX,YQR,YEG,CA,1,7371
SJD,MX,,YEG,CA,0,4890
SJD,MX,,YLW,CA,0,3672
SJD,MX,,YQR,CA,0,3024
SJD,MX,,YUL,CA,0,2079
SJD,MX,,YVR,CA,0,1552
SJD,MX,,YVR,CA,0,10962
SJD,MX,YYJ,YVR,CA,1,3969
SJD,MX,,YVR,CA,0,17286
SJD,MX,,YWG,CA,0,1701
SJD,MX,,YWG,CA,0,2720
SJD,MX,,YXE,CA,0,945
SJD,MX,YYC,YXE,CA,1,1890
SJD,MX,,YYC,CA,0,3219
SJD,MX,,YYC,CA,0,902
SJD,MX,,YYC,CA,0,7938
SJD,MX,YVR,YYC,CA,1,1890
SJD,MX,,YYC,CA,0,42990
SJD,MX,,YYJ,CA,0,3969
SJD,MX,,YYZ,CA,0,2160
SJD,MX,,YYZ,CA,0,1323
SJD,MX,,YYZ,CA,0,15120
SJD,MX,,YYZ,CA,0,272
ZIH,MX,,YEG,CA,0,945
ZIH,MX,YQR,YEG,CA,1,1890
ZIH,MX,,YLW,CA,0,1890
ZIH,MX,,YQR,CA,0,2268
ZIH,MX,,YUL,CA,0,1920
ZIH,MX,,YVR,CA,0,1920
ZIH,MX,,YVR,CA,0,189
ZIH,MX,YLW,YVR,CA,1,2646
ZIH,MX,,YWG,CA,0,1323
ZIH,MX,,YXE,CA,0,2268
ZIH,MX,,YYC,CA,0,1800
ZIH,MX,,YYC,CA,0,378
ZIH,MX,YXE,YYC,CA,1,1890
ZIH,MX,,YYC,CA,0,11864
ZIH,MX,,YYZ,CA,0,2040
ZIH,MX,,YYZ,CA,0,2079
ZLO,MX,,YEG,CA,0,2646
ZLO,MX,,YVR,CA,0,2268
ZLO,MX,YYC,YVR,CA,1,378
ZLO,MX,,YYC,CA,0,378
ZLO,MX,YVR,YYC,CA,1,2268
ZLO,MX,,YYC,CA,0,7652
ZLO,MX,,YYZ,CA,0,1701
CUN,MX,,SCL,CL,0,17548
MEX,MX,,SCL,CL,0,62235
MEX,MX,,SCL,CL,0,79974
MEX,MX,TIJ,PVG,CN,1,37788
TIJ,MX,,PVG,CN,0,35644
CUN,MX,,BOG,CO,0,106358
CUN,MX,,BOG,CO,0,34310
CUN,MX,,BOG,CO,0,56760
MEX,MX,,BOG,CO,0,109500
MEX,MX,,BOG,CO,0,111104
MEX,MX,,BOG,CO,0,179566
MEX,MX,,BOG,CO,0,45260
MEX,MX,BOG,CLO,CO,1,76984
MEX,MX,,MDE,CO,0,33438
CUN,MX,SAL,SJO,CR,1,49512
CUN,MX,,SJO,CR,0,5742
GDL,MX,,SJO,CR,0,5742
MEX,MX,,SJO,CR,0,62316
MEX,MX,,SJO,CR,0,111188
MEX,MX,,SJO,CR,0,3720
CUN,MX,,HAV,CU,0,16170
CUN,MX,,HAV,CU,0,40477
CUN,MX,,HAV,CU,0,66126
CUN,MX,,VRA,CU,0,6257
MEX,MX,,HAV,CU,0,86250
MEX,MX,,HAV,CU,0,80806
MEX,MX,,HAV,CU,0,59102
MEX,MX,,VRA,CU,0,2058
MID,MX,,HAV,CU,0,5168
MTY,MX,,HAV,CU,0,4116
CUN,MX,,DUS,DE,0,31512
CUN,MX,,FRA,DE,0,75060
CUN,MX,,FRA,DE,0,1547
CUN,MX,,HAM,DE,0,460
CUN,MX,,MUC,DE,0,7878
CUN,MX,,MUC,DE,0,12960
MEX,MX,,FRA,DE,0,130320
MEX,MX,ATL,MUC,DE,1,46730
MEX,MX,,MUC,DE,0,72664
MEX,MX,,UIO,EC,0,53441
CUN,MX,,MAD,ES,0,29480
CUN,MX,,MAD,ES,0,41290
CUN,MX,,MAD,ES,0,2412
CUN,MX,,MAD,ES,0,52054
GDL,MX,ATL,MAD,ES,1,5100
MEX,MX,,MAD,ES,0,118706
MEX,MX,,MAD,ES,0,250232
CUN,MX,,CDG,FR,0,32724
CUN,MX,,CDG,FR,0,54964
MEX,MX,,CDG,FR,0,152496
MEX,MX,,CDG,FR,0,91250
CUN,MX,,GLA,GB,0,1335
CUN,MX,,GLA,GB,0,2459
CUN,MX,,LGW,GB,0,46332
CUN,MX,,LGW,GB,0,2937
CUN,MX,,LGW,GB,0,25313
CUN,MX,,LGW,GB,0,60970
CUN,MX,,MAN,GB,0,2670
CUN,MX,,MAN,GB,0,31521
CUN,MX,,STN,GB,0,1605
MEX,MX,,LHR,GB,0,56250
MEX,MX,,LHR,GB,0,92690
CUN,MX,DFW,GUA,GT,1,900
CUN,MX,BZE,GUA,GT,1,600
CUN,MX,,GUA,GT,0,8962
GDL,MX,,GUA,GT,0,8818
MEX,MX,,GUA,GT,0,72194
MEX,MX,,GUA,GT,0,117018
MEX,MX,,SAP,HN,0,27970
CUN,MX,,FCO,IT,0,10500
CUN,MX,MXP,FCO,IT,1,420
CUN,MX,,FCO,IT,0,4200
CUN,MX,,MXP,IT,0,13230
CUN,MX,HAV,MXP,IT,1,630
CUN,MX,,MXP,IT,0,726
CUN,MX,,MXP,IT,0,6930
CUN,MX,FCO,MXP,IT,1,1470
CUN,MX,,VRN,IT,0,420
CUN,MX,FCO,VRN,IT,1,2730
MID,MX,,FCO,IT,0,210
MID,MX,CUN,MXP,IT,1,9450
BJX,MX,LAX,NRT,JP,1,29280
MEX,MX,MTY,NRT,JP,1,52250
MTY,MX,,NRT,JP,0,52000
ACA,MX,ZIH,GDL,MX,1,4550
ACA,MX,,MEX,MX,0,78492
ACA,MX,,MEX,MX,0,190207
ACA,MX,,MEX,MX,0,43872
ACA,MX,,MEX,MX,0,21030
ACA,MX,,MTY,MX,0,20344
ACA,MX,,MTY,MX,0,14812
ACA,MX,,QRO,MX,0,4850
ACA,MX,,TIJ,MX,0,4900
ACA,MX,,TIJ,MX,0,28464
ACA,MX,,TLC,MX,0,63742
ACA,MX,,TLC,MX,0,1044
ACA,MX,,ZIH,MX,0,4850
AGU,MX,,CUN,MX,0,17962
AGU,MX,,MEX,MX,0,58218
AGU,MX,,MEX,MX,0,172903
AGU,MX,,MTY,MX,0,28502
AGU,MX,,PVR,MX,0,7500
AGU,MX,,TIJ,MX,0,25500
AGU,MX,,TIJ,MX,0,50910
BJX,MX,,CJS,MX,0,14560
BJX,MX,,CUN,MX,0,27318
BJX,MX,,MEX,MX,0,59584
BJX,MX,,MEX,MX,0,200203
BJX,MX,,MTY,MX,0,56840
BJX,MX,,MTY,MX,0,66726
BJX,MX,,MTY,MX,0,38472
BJX,MX,,PVR,MX,0,11968
BJX,MX,,TIJ,MX,0,35250
BJX,MX,,TIJ,MX,0,18117
BJX,MX,,TIJ,MX,0,126476
CEN,MX,,GDL,MX,0,13100
CEN,MX,,GDL,MX,0,17700
CEN,MX,,MEX,MX,0,29338
CEN,MX,,MEX,MX,0,59565
CEN,MX,,TIJ,MX,0,198
CEN,MX,,TIJ,MX,0,16640
CJS,MX,,BJX,MX,0,14560
CJS,MX,,CUN,MX,0,4236
CJS,MX,,CUU,MX,0,18250
CJS,MX,CUU,GDL,MX,1,18250
CJS,MX,,GDL,MX,0,55732
CJS,MX,,GDL,MX,0,26936
CJS,MX,,HMO,MX,0,5920
CJS,MX,,MEX,MX,0,97800
CJS,MX,,MEX,MX,0,117421
CJS,MX,,MEX,MX,0,42372
CJS,MX,,MEX,MX,0,13224
CJS,MX,,MTY,MX,0,4802
CJS,MX,,MTY,MX,0,36896
CJS,MX,,MTY,MX,0,42292
CJS,MX,,TIJ,MX,0,18250
CJS,MX,,TIJ,MX,0,17446
CLQ,MX,,MEX,MX,0,64944
CLQ,MX,,TIJ,MX,0,36124
CME,MX,VER,GDL,MX,1,10272
CME,MX,,MEX,MX,0,115950
CME,MX,,MEX,MX,0,125521
CME,MX,VER,MEX,MX,1,480
CME,MX,,MTY,MX,0,16072
CME,MX,,VER,MX,0,10800
CPE,MX,,MEX,MX,0,40768
CPE,MX,,MEX,MX,0,79463
CTM,MX,,MEX,MX,0,97350
CTM,MX,,MEX,MX,0,5916
CUL,MX,,GDL,MX,0,43204
CUL,MX,,GDL,MX,0,38700
CUL,MX,,HMO,MX,0,35850
CUL,MX,,LAP,MX,0,22234
CUL,MX,,LAP,MX,0,18918
CUL,MX,,MEX,MX,0,88950
CUL,MX,,MEX,MX,0,114730
CUL,MX,,MEX,MX,0,97278
CUL,MX,,MTY,MX,0,29500
CUL,MX,,MTY,MX,0,56206
CUL,MX,,MTY,MX,0,26312
CUL,MX,HMO,MXL,MX,1,34950
CUL,MX,,SJD,MX,0,31464
CUL,MX,,SJD,MX,0,13200
CUL,MX,,TIJ,MX,0,40500
CUL,MX,,TIJ,MX,0,10396
CUL,MX,,TIJ,MX,0,250402
CUN,MX,,AGU,MX,0,17962
CUN,MX,,BJX,MX,0,27318
CUN,MX,,CJS,MX,0,4236
CUN,MX,,CUU,MX,0,6096
CUN,MX,,CZM,MX,0,28264
CUN,MX,,GDL,MX,0,45300
CUN,MX,,GDL,MX,0,29648
CUN,MX,,GDL,MX,0,177960
CUN,MX,,MEX,MX,0,407234
CUN,MX,,MEX,MX,0,767434
CUN,MX,,MEX,MX,0,271350
CUN,MX,,MEX,MX,0,596354
CUN,MX,,MID,MX,0,6319
CUN,MX,,MTY,MX,0,102170
CUN,MX,,MTY,MX,0,26353
CUN,MX,MEX,MTY,MX,1,55673
CUN,MX,,MTY,MX,0,150294
CUN,MX,,MTY,MX,0,103380
CUN,MX,,PBC,MX,0,49870
CUN,MX,,QRO,MX,0,25562
CUN,MX,,REX,MX,0,29790
CUN,MX,,SLP,MX,0,17518
CUN,MX,,TAM,MX,0,26844
CUN,MX,,TGZ,MX,0,32246
CUN,MX,,TGZ,MX,0,9546
CUN,MX,,TIJ,MX,0,9952
CUN,MX,,TLC,MX,0,81532
CUN,MX,,TLC,MX,0,28150
CUN,MX,,VER,MX,0,90752
CUN,MX,,VER,MX,0,16732
CUN,MX,MID,VSA,MX,1,6319
CUN,MX,,VSA,MX,0,33178
CUN,MX,,VSA,MX,0,9546
CUU,MX,,CJS,MX,0,18250
CUU,MX,,CUN,MX,0,6096
CUU,MX,,GDL,MX,0,18250
CUU,MX,TRC,GDL,MX,1,15550
CUU,MX,,GDL,MX,0,23988
CUU,MX,,HMO,MX,0,18250
CUU,MX,,MEX,MX,0,98400
CUU,MX,,MEX,MX,0,177550
CUU,MX,,MEX,MX,0,98300
CUU,MX,,MTY,MX,0,53500
CUU,MX,,MTY,MX,0,49932
CUU,MX,,MTY,MX,0,17672
CUU,MX,CJS,TIJ,MX,1,18250
CUU,MX,,TIJ,MX,0,13722
CUU,MX,,TRC,MX,0,17800
CVM,MX,,MEX,MX,0,68016
CZM,MX,,CUN,MX,0,28560
CZM,MX,,MEX,MX,0,40650
CZM,MX,,MEX,MX,0,6320
CZM,MX,CUN,MID,MX,1,6319
DGO,MX,,GDL,MX,0,10600
DGO,MX,,MEX,MX,0,114792
DGO,MX,,MEX,MX,0,22368
DGO,MX,,MEX,MX,0,2784
DGO,MX,,MTY,MX,0,13850
DGO,MX,,PVR,MX,0,2450
DGO,MX,MTY,QRO,MX,1,5900
DGO,MX,,TIJ,MX,0,9304
DGO,MX,,TIJ,MX,0,14132
GDL,MX,ZIH,ACA,MX,1,4850
GDL,MX,,CEN,MX,0,13100
GDL,MX,,CEN,MX,0,17700
GDL,MX,CUU,CJS,MX,1,18250
GDL,MX,,CJS,MX,0,55732
GDL,MX,,CJS,MX,0,26936
GDL,MX,VER,CME,MX,1,9168
GDL,MX,,CUL,MX,0,43204
GDL,MX,,CUL,MX,0,38700
GDL,MX,,CUN,MX,0,42450
GDL,MX,,CUN,MX,0,29648
GDL,MX,,CUN,MX,0,177990
GDL,MX,,CUU,MX,0,18250
GDL,MX,TRC,CUU,MX,1,15550
GDL,MX,,CUU,MX,0,23988
GDL,MX,,DGO,MX,0,11700
GDL,MX,CUL,HMO,MX,1,11194
GDL,MX,,HMO,MX,0,51192
GDL,MX,,HMO,MX,0,78754
GDL,MX,,LAP,MX,0,43952
GDL,MX,,LAP,MX,0,35766
GDL,MX,,LMM,MX,0,14250
GDL,MX,MZT,LMM,MX,1,432
GDL,MX,,LMM,MX,0,15776
GDL,MX,,MEX,MX,0,517024
GDL,MX,,MEX,MX,0,710144
GDL,MX,,MEX,MX,0,149720
GDL,MX,,MEX,MX,0,48
GDL,MX,,MEX,MX,0,432798
GDL,MX,,MID,MX,0,25596
GDL,MX,,MID,MX,0,23064
GDL,MX,,MTY,MX,0,91650
GDL,MX,,MTY,MX,0,104918
GDL,MX,,MTY,MX,0,92436
GDL,MX,,MTY,MX,0,63414
GDL,MX,,MXL,MX,0,9196
GDL,MX,,MXL,MX,0,118604
GDL,MX,,MZT,MX,0,528
GDL,MX,,PBC,MX,0,14880
GDL,MX,,PVR,MX,0,3626
GDL,MX,,PVR,MX,0,43570
GDL,MX,,PVR,MX,0,16350
GDL,MX,,QRO,MX,0,15000
GDL,MX,,REX,MX,0,23568
GDL,MX,,SJD,MX,0,89498
GDL,MX,,SJD,MX,0,43548
GDL,MX,MTY,TAM,MX,1,15502
GDL,MX,,TAM,MX,0,16008
GDL,MX,,TAM,MX,0,174
GDL,MX,,TGZ,MX,0,28664
GDL,MX,,TGZ,MX,0,17604
GDL,MX,,TIJ,MX,0,111450
GDL,MX,,TIJ,MX,0,112111
GDL,MX,,TIJ,MX,0,2340
GDL,MX,,TIJ,MX,0,435018
GDL,MX,,TLC,MX,0,30200
GDL,MX,,TLC,MX,0,10300
GDL,MX,,TRC,MX,0,15550
GDL,MX,,TRC,MX,0,2960
GDL,MX,,TRC,MX,0,8704
GDL,MX,,VER,MX,0,52012
GDL,MX,,VER,MX,0,14400
GDL,MX,,VER,MX,0,17724
GDL,MX,,VSA,MX,0,38136
GDL,MX,,VSA,MX,0,17004
GDL,MX,,ZIH,MX,0,4850
HMO,MX,MTY,CJS,MX,1,5100
HMO,MX,,CJS,MX,0,5920
HMO,MX,,CUL,MX,0,35850
HMO,MX,,CUU,MX,0,18250
HMO,MX,CUL,GDL,MX,1,5300
HMO,MX,,GDL,MX,0,51192
HMO,MX,,GDL,MX,0,78754
HMO,MX,,LMM,MX,0,48
HMO,MX,,MEX,MX,0,90300
HMO,MX,,MEX,MX,0,222730
HMO,MX,,MEX,MX,0,84296
HMO,MX,,MTY,MX,0,51550
HMO,MX,CUL,MTY,MX,1,550
HMO,MX,,MTY,MX,0,52516
HMO,MX,,MTY,MX,0,25304
HMO,MX,,MXL,MX,0,36000
HMO,MX,LMM,MZT,MX,1,48
HMO,MX,,TIJ,MX,0,18250
HMO,MX,,TIJ,MX,0,64988
HMO,MX,CUU,TRC,MX,1,17800
HUX,MX,,MEX,MX,0,187648
HUX,MX,,MEX,MX,0,66405
HUX,MX,,MEX,MX,0,22224
JAL,MX,,MEX,MX,0,23856
LAP,MX,,CUL,MX,0,22234
LAP,MX,,CUL,MX,0,18918
LAP,MX,,GDL,MX,0,43952
LAP,MX,,GDL,MX,0,35766
LAP,MX,,MEX,MX,0,33516
LAP,MX,,MEX,MX,0,91554
LAP,MX,,MEX,MX,0,55108
LAP,MX,,MTY,MX,0,3584
LAP,MX,,MZT,MX,0,11840
LAP,MX,,TIJ,MX,0,59742
LMM,MX,,GDL,MX,0,15150
LMM,MX,MZT,GDL,MX,1,48
LMM,MX,,GDL,MX,0,15776
LMM,MX,,HMO,MX,0,432
LMM,MX,,MEX,MX,0,62545
LMM,MX,,MEX,MX,0,26598
LMM,MX,,MZT,MX,0,48
LMM,MX,,TIJ,MX,0,152
LMM,MX,,TIJ,MX,0,37510
LMM,MX,GDL,TLC,MX,1,4950
LZC,MX,,MEX,MX,0,29808
MAM,MX,,MEX,MX,0,44472
MAM,MX,,MEX,MX,0,16272
MEX,MX,,ACA,MX,0,78342
MEX,MX,,ACA,MX,0,190008
MEX,MX,,ACA,MX,0,43920
MEX,MX,,ACA,MX,0,21030
MEX,MX,,AGU,MX,0,58218
MEX,MX,,AGU,MX,0,172903
MEX,MX,,BJX,MX,0,59584
MEX,MX,,BJX,MX,0,200275
MEX,MX,,CEN,MX,0,29338
MEX,MX,,CEN,MX,0,59466
MEX,MX,,CJS,MX,0,97800
MEX,MX,,CJS,MX,0,117322
MEX,MX,,CJS,MX,0,42372
MEX,MX,,CJS,MX,0,13224
MEX,MX,,CLQ,MX,0,65088
MEX,MX,,CME,MX,0,115950
MEX,MX,,CME,MX,0,125521
MEX,MX,VER,CME,MX,1,480
MEX,MX,,CPE,MX,0,40768
MEX,MX,,CPE,MX,0,79463
MEX,MX,,CTM,MX,0,97350
MEX,MX,,CTM,MX,0,5916
MEX,MX,,CUL,MX,0,88950
MEX,MX,,CUL,MX,0,114854
MEX,MX,,CUL,MX,0,97278
MEX,MX,,CUN,MX,0,410482
MEX,MX,,CUN,MX,0,766996
MEX,MX,,CUN,MX,0,270420
MEX,MX,,CUN,MX,0,596876
MEX,MX,,CUU,MX,0,98400
MEX,MX,,CUU,MX,0,177489
MEX,MX,,CUU,MX,0,98156
MEX,MX,,CVM,MX,0,68016
MEX,MX,,CZM,MX,0,40650
MEX,MX,,CZM,MX,0,6320
MEX,MX,,DGO,MX,0,114792
MEX,MX,,DGO,MX,0,22368
MEX,MX,,DGO,MX,0,2784
MEX,MX,,GDL,MX,0,514324
MEX,MX,,GDL,MX,0,711777
MEX,MX,,GDL,MX,0,151200
MEX,MX,,GDL,MX,0,48
MEX,MX,,GDL,MX,0,433032
MEX,MX,,HMO,MX,0,90300
MEX,MX,,HMO,MX,0,222665
MEX,MX,,HMO,MX,0,84296
MEX,MX,,HUX,MX,0,187648
MEX,MX,,HUX,MX,0,66405
MEX,MX,,HUX,MX,0,22224
MEX,MX,,JAL,MX,0,23856
MEX,MX,,LAP,MX,0,33516
MEX,MX,,LAP,MX,0,91531
MEX,MX,,LAP,MX,0,55108
MEX,MX,,LMM,MX,0,62495
MEX,MX,,LMM,MX,0,26598
MEX,MX,,LZC,MX,0,29808
MEX,MX,,MAM,MX,0,44472
MEX,MX,,MAM,MX,0,16368
MEX,MX,,MID,MX,0,296514
MEX,MX,,MID,MX,0,302567
MEX,MX,,MID,MX,0,43076
MEX,MX,,MID,MX,0,141564
MEX,MX,,MLM,MX,0,49756
MEX,MX,,MLM,MX,0,32256
MEX,MX,,MTT,MX,0,56742
MEX,MX,,MTT,MX,0,121862
MEX,MX,,MTY,MX,0,682474
MEX,MX,,MTY,MX,0,820326
MEX,MX,,MTY,MX,0,291504
MEX,MX,,MTY,MX,0,224480
MEX,MX,,MXL,MX,0,91698
MEX,MX,,MXL,MX,0,129642
MEX,MX,,MZT,MX,0,37582
MEX,MX,,MZT,MX,0,112320
MEX,MX,,MZT,MX,0,58436
MEX,MX,GDL,MZT,MX,1,48
MEX,MX,,MZT,MX,0,27072
MEX,MX,,NLD,MX,0,46666
MEX,MX,,OAX,MX,0,129434
MEX,MX,,OAX,MX,0,181053
MEX,MX,,OAX,MX,0,19638
MEX,MX,,PAZ,MX,0,22786
MEX,MX,,PAZ,MX,0,44496
MEX,MX,,PDS,MX,0,18288
MEX,MX,,PQM,MX,0,10486
MEX,MX,,PVR,MX,0,132852
MEX,MX,,PVR,MX,0,216877
MEX,MX,,PVR,MX,0,40462
MEX,MX,,PVR,MX,0,64042
MEX,MX,,PXM,MX,0,23422
MEX,MX,,PXM,MX,0,69256
MEX,MX,,PXM,MX,0,25248
MEX,MX,,QRO,MX,0,9176
MEX,MX,,REX,MX,0,54390
MEX,MX,,REX,MX,0,118496
MEX,MX,,REX,MX,0,91184
MEX,MX,,SJD,MX,0,90698
MEX,MX,,SJD,MX,0,127739
MEX,MX,,SJD,MX,0,5816
MEX,MX,,SJD,MX,0,79026
MEX,MX,,SLP,MX,0,56252
MEX,MX,,SLP,MX,0,89527
MEX,MX,,SLP,MX,0,55776
MEX,MX,,SLW,MX,0,58261
MEX,MX,,TAM,MX,0,169746
MEX,MX,,TAM,MX,0,136845
MEX,MX,,TAM,MX,0,13548
MEX,MX,,TAP,MX,0,116276
MEX,MX,,TAP,MX,0,51522
MEX,MX,,TGZ,MX,0,273102
MEX,MX,,TGZ,MX,0,174819
MEX,MX,,TGZ,MX,0,85464
MEX,MX,,TIJ,MX,0,177450
MEX,MX,,TIJ,MX,0,318773
MEX,MX,BJX,TIJ,MX,1,27421
MEX,MX,,TIJ,MX,0,15120
MEX,MX,,TIJ,MX,0,362910
MEX,MX,,TPQ,MX,0,49920
MEX,MX,,TRC,MX,0,68814
MEX,MX,,TRC,MX,0,149604
MEX,MX,,TRC,MX,0,58316
MEX,MX,,VER,MX,0,117804
MEX,MX,,VER,MX,0,235075
MEX,MX,,VER,MX,0,27888
MEX,MX,,VER,MX,0,13746
MEX,MX,,VSA,MX,0,291732
MEX,MX,,VSA,MX,0,236432
MEX,MX,,VSA,MX,0,35970
MEX,MX,,ZCL,MX,0,35292
MEX,MX,,ZCL,MX,0,70874
MEX,MX,,ZIH,MX,0,81426
MEX,MX,,ZIH,MX,0,76802
MEX,MX,,ZIH,MX,0,16464
MEX,MX,,ZLO,MX,0,4122
MEX,MX,,ZLO,MX,0,52458
MEX,MX,,ZLO,MX,0,35280
MID,MX,,CUN,MX,0,6935
MID,MX,CUN,CZM,MX,1,6935
MID,MX,,GDL,MX,0,25596
MID,MX,,GDL,MX,0,23064
MID,MX,,MEX,MX,0,296664
MID,MX,,MEX,MX,0,302887
MID,MX,,MEX,MX,0,43076
MID,MX,,MEX,MX,0,141564
MID,MX,,MTY,MX,0,47928
MID,MX,,MTY,MX,0,29480
MID,MX,,TIJ,MX,0,3600
MID,MX,VSA,VER,MX,1,6319
MID,MX,VSA,VER,MX,1,29290
MID,MX,,VSA,MX,0,6319
MID,MX,,VSA,MX,0,29290
MID,MX,,VSA,MX,0,9408
MLM,MX,,MEX,MX,0,49756
MLM,MX,,MEX,MX,0,32256
MLM,MX,,TIJ,MX,0,94504
MTT,MX,,MEX,MX,0,56742
MTT,MX,,MEX,MX,0,121862
MTY,MX,,ACA,MX,0,20344
MTY,MX,,ACA,MX,0,14812
MTY,MX,,AGU,MX,0,28502
MTY,MX,,BJX,MX,0,56840
MTY,MX,,BJX,MX,0,66776
MTY,MX,,BJX,MX,0,38472
MTY,MX,,CJS,MX,0,4900
MTY,MX,,CJS,MX,0,36796
MTY,MX,,CJS,MX,0,42292
MTY,MX,,CME,MX,0,16072
MTY,MX,,CUL,MX,0,29500
MTY,MX,,CUL,MX,0,56206
MTY,MX,,CUL,MX,0,26312
MTY,MX,,CUN,MX,0,102170
MTY,MX,,CUN,MX,0,26353
MTY,MX,MEX,CUN,MX,1,14657
MTY,MX,,CUN,MX,0,150474
MTY,MX,,CUN,MX,0,103380
MTY,MX,,CUU,MX,0,53450
MTY,MX,,CUU,MX,0,49932
MTY,MX,,CUU,MX,0,17672
MTY,MX,,DGO,MX,0,13550
MTY,MX,,GDL,MX,0,91650
MTY,MX,,GDL,MX,0,104895
MTY,MX,,GDL,MX,0,92532
MTY,MX,,GDL,MX,0,63414
MTY,MX,,HMO,MX,0,51500
MTY,MX,CUL,HMO,MX,1,550
MTY,MX,,HMO,MX,0,52516
MTY,MX,,HMO,MX,0,25304
MTY,MX,,LAP,MX,0,3584
MTY,MX,,MEX,MX,0,682174
MTY,MX,,MEX,MX,0,768936
MTY,MX,,MEX,MX,0,292076
MTY,MX,,MEX,MX,0,224480
MTY,MX,,MID,MX,0,47928
MTY,MX,,MID,MX,0,29480
MTY,MX,HMO,MXL,MX,1,450
MTY,MX,,MZT,MX,0,36736
MTY,MX,,OAX,MX,0,18602
MTY,MX,,OAX,MX,0,15080
MTY,MX,,PBC,MX,0,34450
MTY,MX,,PBC,MX,0,21128
MTY,MX,,PVR,MX,0,2902
MTY,MX,,PVR,MX,0,2400
MTY,MX,,PVR,MX,0,45560
MTY,MX,,PVR,MX,0,19236
MTY,MX,,PXM,MX,0,444
MTY,MX,,QRO,MX,0,68326
MTY,MX,,QRO,MX,0,38600
MTY,MX,,QRO,MX,0,19832
MTY,MX,,SJD,MX,0,750
MTY,MX,,SJD,MX,0,29138
MTY,MX,,SJD,MX,0,18268
MTY,MX,,SLP,MX,0,28200
MTY,MX,,TAM,MX,0,42312
MTY,MX,,TAM,MX,0,16000
MTY,MX,,TAM,MX,0,58932
MTY,MX,,TGZ,MX,0,40872
MTY,MX,,TGZ,MX,0,15368
MTY,MX,,TIJ,MX,0,7144
MTY,MX,,TIJ,MX,0,88540
MTY,MX,,TLC,MX,0,87666
MTY,MX,,TLC,MX,0,28700
MTY,MX,,TRC,MX,0,9050
MTY,MX,,VER,MX,0,17064
MTY,MX,TAM,VER,MX,1,26662
MTY,MX,,VER,MX,0,85196
MTY,MX,,VER,MX,0,21724
MTY,MX,,VSA,MX,0,43022
MTY,MX,,VSA,MX,0,74704
MTY,MX,,VSA,MX,0,8496
MXL,MX,HMO,CUL,MX,1,32000
MXL,MX,,GDL,MX,0,9196
MXL,MX,,GDL,MX,0,118604
MXL,MX,,HMO,MX,0,36000
MXL,MX,,MEX,MX,0,91476
MXL,MX,,MEX,MX,0,129642
MXL,MX,HMO,MTY,MX,1,450
MZT,MX,,GDL,MX,0,528
MZT,MX,LMM,HMO,MX,1,432
MZT,MX,,LAP,MX,0,11840
MZT,MX,,LMM,MX,0,432
MZT,MX,,MEX,MX,0,37582
MZT,MX,,MEX,MX,0,112272
MZT,MX,,MEX,MX,0,58436
MZT,MX,GDL,MEX,MX,1,48
MZT,MX,,MEX,MX,0,27072
MZT,MX,,MTY,MX,0,36736
MZT,MX,GDL,PBC,MX,1,480
MZT,MX,,TIJ,MX,0,396
MZT,MX,,TIJ,MX,0,41430
NLD,MX,,MEX,MX,0,46666
OAX,MX,,MEX,MX,0,129532
OAX,MX,,MEX,MX,0,181053
OAX,MX,,MEX,MX,0,19638
OAX,MX,,MTY,MX,0,18602
OAX,MX,,MTY,MX,0,15080
OAX,MX,,TIJ,MX,0,15750
OAX,MX,,TIJ,MX,0,39106
PAZ,MX,,MEX,MX,0,22786
PAZ,MX,,MEX,MX,0,45216
PAZ,MX,,REX,MX,0,12000
PAZ,MX,,VSA,MX,0,17232
PBC,MX,,CUN,MX,0,49870
PBC,MX,,GDL,MX,0,14880
PBC,MX,,MTY,MX,0,34450
PBC,MX,,MTY,MX,0,21128
PBC,MX,GDL,MZT,MX,1,480
PBC,MX,,TIJ,MX,0,39736
PBC,MX,GDL,VER,MX,1,14400
PDS,MX,,MEX,MX,0,18288
PQM,MX,,MEX,MX,0,10486
PVR,MX,,AGU,MX,0,7500
PVR,MX,,BJX,MX,0,11968
PVR,MX,GDL,CUL,MX,1,5322
PVR,MX,,DGO,MX,0,2450
PVR,MX,,GDL,MX,0,3626
PVR,MX,,GDL,MX,0,43570
PVR,MX,,GDL,MX,0,16200
PVR,MX,,MEX,MX,0,132552
PVR,MX,,MEX,MX,0,216852
PVR,MX,,MEX,MX,0,40462
PVR,MX,,MEX,MX,0,64042
PVR,MX,,MTY,MX,0,2902
PVR,MX,,MTY,MX,0,2400
PVR,MX,,MTY,MX,0,45560
PVR,MX,,MTY,MX,0,19236
PVR,MX,,QRO,MX,0,2150
PVR,MX,GDL,QRO,MX,1,15000
PVR,MX,,TIJ,MX,0,42512
PVR,MX,,TLC,MX,0,51806
PXM,MX,,MEX,MX,0,23422
PXM,MX,,MEX,MX,0,69256
PXM,MX,,MEX,MX,0,25248
PXM,MX,,MTY,MX,0,444
QRO,MX,,ACA,MX,0,4800
QRO,MX,,CUN,MX,0,25562
QRO,MX,MTY,DGO,MX,1,8700
QRO,MX,,GDL,MX,0,16150
QRO,MX,,MEX,MX,0,9176
QRO,MX,,MTY,MX,0,68300
QRO,MX,,MTY,MX,0,38750
QRO,MX,,MTY,MX,0,19832
QRO,MX,,PVR,MX,0,2400
QRO,MX,GDL,PVR,MX,1,12950
QRO,MX,MTY,TAM,MX,1,13950
QRO,MX,,TIJ,MX,0,19084
QRO,MX,ACA,ZIH,MX,1,4800
REX,MX,,CUN,MX,0,29790
REX,MX,,GDL,MX,0,23568
REX,MX,,MEX,MX,0,54390
REX,MX,,MEX,MX,0,118496
REX,MX,,MEX,MX,0,91184
REX,MX,,PAZ,MX,0,12000
REX,MX,,VER,MX,0,48204
REX,MX,PAZ,VSA,MX,1,12048
SJD,MX,,CUL,MX,0,31464
SJD,MX,,CUL,MX,0,13200
SJD,MX,,GDL,MX,0,89498
SJD,MX,,GDL,MX,0,43548
SJD,MX,,MEX,MX,0,90698
SJD,MX,,MEX,MX,0,127739
SJD,MX,,MEX,MX,0,5816
SJD,MX,,MEX,MX,0,79026
SJD,MX,,MTY,MX,0,750
SJD,MX,,MTY,MX,0,29138
SJD,MX,,MTY,MX,0,18268
SJD,MX,,TIJ,MX,0,43468
SJD,MX,,TLC,MX,0,36808
SLP,MX,,CUN,MX,0,17518
SLP,MX,,MEX,MX,0,56252
SLP,MX,,MEX,MX,0,89549
SLP,MX,,MEX,MX,0,55776
SLP,MX,,MTY,MX,0,28200
SLP,MX,MTY,SJD,MX,1,150
SLP,MX,,TIJ,MX,0,10968
SLW,MX,,MEX,MX,0,58261
TAM,MX,,CUN,MX,0,26844
TAM,MX,,GDL,MX,0,16008
TAM,MX,,GDL,MX,0,174
TAM,MX,,MEX,MX,0,169746
TAM,MX,,MEX,MX,0,136845
TAM,MX,,MEX,MX,0,13548
TAM,MX,,MTY,MX,0,42338
TAM,MX,,MTY,MX,0,16150
TAM,MX,,MTY,MX,0,58932
TAM,MX,MTY,QRO,MX,1,14600
TAM,MX,,VER,MX,0,26662
TAM,MX,VER,VSA,MX,1,24646
TAM,MX,,VSA,MX,0,19788
TAP,MX,,MEX,MX,0,116276
TAP,MX,,MEX,MX,0,51522
TGZ,MX,,CUN,MX,0,32246
TGZ,MX,,CUN,MX,0,9546
TGZ,MX,,GDL,MX,0,28664
TGZ,MX,,GDL,MX,0,17604
TGZ,MX,,MEX,MX,0,273252
TGZ,MX,,MEX,MX,0,174819
TGZ,MX,,MEX,MX,0,85464
TGZ,MX,,MTY,MX,0,40872
TGZ,MX,,MTY,MX,0,15368
TGZ,MX,,TIJ,MX,0,720
TGZ,MX,,TLC,MX,0,8150
TIJ,MX,,ACA,MX,0,4900
TIJ,MX,,ACA,MX,0,28464
TIJ,MX,,AGU,MX,0,25500
TIJ,MX,,AGU,MX,0,50910
TIJ,MX,,BJX,MX,0,35250
TIJ,MX,,BJX,MX,0,18018
TIJ,MX,,BJX,MX,0,126332
TIJ,MX,,CEN,MX,0,198
TIJ,MX,,CEN,MX,0,16640
TIJ,MX,,CJS,MX,0,18250
TIJ,MX,,CJS,MX,0,17446
TIJ,MX,,CLQ,MX,0,36124
TIJ,MX,,CUL,MX,0,40650
TIJ,MX,,CUL,MX,0,10396
TIJ,MX,,CUL,MX,0,250402
TIJ,MX,,CUN,MX,0,10270
TIJ,MX,CJS,CUU,MX,1,18250
TIJ,MX,,CUU,MX,0,13722
TIJ,MX,,DGO,MX,0,9304
TIJ,MX,,DGO,MX,0,14132
TIJ,MX,,GDL,MX,0,111450
TIJ,MX,,GDL,MX,0,110941
TIJ,MX,,GDL,MX,0,2340
TIJ,MX,,GDL,MX,0,434784
TIJ,MX,,HMO,MX,0,18250
TIJ,MX,,HMO,MX,0,64988
TIJ,MX,,LAP,MX,0,59742
TIJ,MX,,LMM,MX,0,152
TIJ,MX,,LMM,MX,0,37510
TIJ,MX,,MEX,MX,0,177450
TIJ,MX,,MEX,MX,0,319913
TIJ,MX,DGO,MEX,MX,1,27025
TIJ,MX,,MEX,MX,0,15120
TIJ,MX,,MEX,MX,0,362240
TIJ,MX,,MID,MX,0,3600
TIJ,MX,,MLM,MX,0,94528
TIJ,MX,,MTY,MX,0,7144
TIJ,MX,,MTY,MX,0,88520
TIJ,MX,,MZT,MX,0,396
TIJ,MX,,MZT,MX,0,41430
TIJ,MX,,OAX,MX,0,15600
TIJ,MX,,OAX,MX,0,39250
TIJ,MX,,PBC,MX,0,39736
TIJ,MX,,PVR,MX,0,42512
TIJ,MX,,QRO,MX,0,19084
TIJ,MX,,SJD,MX,0,43468
TIJ,MX,,SLP,MX,0,10968
TIJ,MX,,TGZ,MX,0,720
TIJ,MX,,TPQ,MX,0,34512
TIJ,MX,,TRC,MX,0,10150
TIJ,MX,,UPN,MX,0,53908
TIJ,MX,,VER,MX,0,14956
TIJ,MX,,ZCL,MX,0,40876
TLC,MX,,ACA,MX,0,63892
TLC,MX,,ACA,MX,0,1044
TLC,MX,,CUN,MX,0,81382
TLC,MX,,CUN,MX,0,28150
TLC,MX,,GDL,MX,0,30100
TLC,MX,,GDL,MX,0,10300
TLC,MX,GDL,LMM,MX,1,4900
TLC,MX,,MTY,MX,0,87666
TLC,MX,,MTY,MX,0,28700
TLC,MX,,PVR,MX,0,51806
TLC,MX,,SJD,MX,0,36808
TLC,MX,,TGZ,MX,0,8100
TLC,MX,,ZIH,MX,0,35528
TPQ,MX,,MEX,MX,0,49872
TPQ,MX,,TIJ,MX,0,34512
TRC,MX,,CUU,MX,0,17850
TRC,MX,,GDL,MX,0,15550
TRC,MX,,GDL,MX,0,2960
TRC,MX,,GDL,MX,0,8704
TRC,MX,CUU,HMO,MX,1,17850
TRC,MX,,MEX,MX,0,68814
TRC,MX,,MEX,MX,0,149504
TRC,MX,,MEX,MX,0,58316
TRC,MX,,MTY,MX,0,9050
TRC,MX,,TIJ,MX,0,10150
UPN,MX,,TIJ,MX,0,53908
VER,MX,,CME,MX,0,10800
VER,MX,,CUN,MX,0,90752
VER,MX,,CUN,MX,0,16732
VER,MX,,GDL,MX,0,52012
VER,MX,,GDL,MX,0,14400
VER,MX,,GDL,MX,0,17724
VER,MX,,MEX,MX,0,117804
VER,MX,,MEX,MX,0,234849
VER,MX,,MEX,MX,0,27888
VER,MX,,MEX,MX,0,13746
VER,MX,VSA,MID,MX,1,6935
VER,MX,VSA,MID,MX,1,29362
VER,MX,,MTY,MX,0,17064
VER,MX,TAM,MTY,MX,1,26688
VER,MX,,MTY,MX,0,85196
VER,MX,,MTY,MX,0,21724
VER,MX,GDL,PBC,MX,1,14400
VER,MX,,REX,MX,0,48204
VER,MX,,TAM,MX,0,26688
VER,MX,,TIJ,MX,0,14956
VER,MX,,VSA,MX,0,6935
VER,MX,,VSA,MX,0,29362
VSA,MX,MID,CUN,MX,1,6935
VSA,MX,,CUN,MX,0,33178
VSA,MX,,CUN,MX,0,9546
VSA,MX,,GDL,MX,0,38136
VSA,MX,,GDL,MX,0,17004
VSA,MX,,MEX,MX,0,291732
VSA,MX,,MEX,MX,0,236556
VSA,MX,,MEX,MX,0,35970
VSA,MX,,MID,MX,0,6935
VSA,MX,,MID,MX,0,29362
VSA,MX,,MID,MX,0,9504
VSA,MX,,MTY,MX,0,43022
VSA,MX,,MTY,MX,0,74704
VSA,MX,,MTY,MX,0,8496
VSA,MX,,PAZ,MX,0,17184
VSA,MX,PAZ,REX,MX,1,11664
VSA,MX,VER,TAM,MX,1,26544
VSA,MX,,TAM,MX,0,19788
VSA,MX,,VER,MX,0,6319
VSA,MX,,VER,MX,0,29290
ZCL,MX,,MEX,MX,0,35292
ZCL,MX,,MEX,MX,0,70924
ZCL,MX,,TIJ,MX,0,40876
ZIH,MX,,ACA,MX,0,4850
ZIH,MX,,GDL,MX,0,4850
ZIH,MX,,MEX,MX,0,81426
ZIH,MX,,MEX,MX,0,76716
ZIH,MX,,MEX,MX,0,16416
ZIH,MX,ACA,QRO,MX,1,4850
ZIH,MX,,TLC,MX,0,35528
ZLO,MX,,MEX,MX,0,4220
ZLO,MX,,MEX,MX,0,52458
ZLO,MX,,MEX,MX,0,35184
MEX,MX,,MGA,NI,0,32387
CUN,MX,,AMS,NL,0,38730
CUN,MX,HOG,AMS,NL,1,250
MEX,MX,,AMS,NL,0,110969
CUN,MX,,PTY,PA,0,317690
GDL,MX,,PTY,PA,0,35306
MEX,MX,,PTY,PA,0,28912
MEX,MX,,PTY,PA,0,266569
MTY,MX,,PTY,PA,0,24680
PBC,MX,,PTY,PA,0,8114
VSA,MX,,PTY,PA,0,6110
CUN,MX,,LIM,PE,0,8618
CUN,MX,,LIM,PE,0,84972
MEX,MX,,LIM,PE,0,116873
MEX,MX,,LIM,PE,0,44326
MEX,MX,,LIM,PE,0,78324
CUN,MX,,SJU,PR,0,9198
MEX,MX,CLT,SJU,PR,1,1800
CUN,MX,,VKO,RU,0,7310
CUN,MX,,SAL,SV,0,49512
MEX,MX,,SAL,SV,0,37874
MEX,MX,,SAL,SV,0,79718
ACA,MX,IAH,CVG,US,1,264
ACA,MX,IAH,DTW,US,1,66
ACA,MX,IAH,ELP,US,1,66
ACA,MX,IAH,GRK,US,1,50
ACA,MX,,IAH,US,0,10836
ACA,MX,IAH,JAX,US,1,5700
ACA,MX,IAH,LRD,US,1,150
ACA,MX,IAH,MFE,US,1,66
ACA,MX,IAH,MKE,US,1,594
ACA,MX,IAH,MOB,US,1,350
ACA,MX,IAH,VPS,US,1,50
AGU,MX,IAH,ABQ,US,1,50
AGU,MX,DFW,AMA,US,1,3268
AGU,MX,IAH,ATL,US,1,100
AGU,MX,IAH,BHM,US,1,150
AGU,MX,IAH,BNA,US,1,600
AGU,MX,IAH,BRO,US,1,1700
AGU,MX,IAH,BTR,US,1,200
AGU,MX,IAH,CHS,US,1,150
AGU,MX,IAH,CLT,US,1,450
AGU,MX,IAH,COS,US,1,50
AGU,MX,IAH,CVG,US,1,500
AGU,MX,,DFW,US,0,41814
AGU,MX,IAH,ECP,US,1,850
AGU,MX,IAH,ELP,US,1,400
AGU,MX,IAH,GRR,US,1,250
AGU,MX,IAH,GSP,US,1,200
AGU,MX,IAH,HSV,US,1,300
AGU,MX,,IAH,US,0,18600
AGU,MX,IAH,ICT,US,1,200
AGU,MX,IAH,IND,US,1,250
AGU,MX,,LAX,US,0,27990
AGU,MX,IAH,MAF,US,1,650
AGU,MX,IAH,MCI,US,1,50
AGU,MX,IAH,MFE,US,1,50
AGU,MX,IAH,MSP,US,1,50
AGU,MX,IAH,MTJ,US,1,150
AGU,MX,IAH,RSW,US,1,150
AGU,MX,IAH,SAV,US,1,200
AGU,MX,IAH,SDF,US,1,50
AGU,MX,IAH,STL,US,1,50
AGU,MX,IAH,TYR,US,1,700
AGU,MX,IAH,XNA,US,1,500
BJX,MX,IAH,ABQ,US,1,546
BJX,MX,IAH,AEX,US,1,150
BJX,MX,IAH,AMA,US,1,3950
BJX,MX,,ATL,US,0,27436
BJX,MX,IAH,ATL,US,1,116
BJX,MX,IAH,AUS,US,1,380
BJX,MX,IAH,BFL,US,1,792
BJX,MX,IAH,BHM,US,1,2612
BJX,MX,IAH,BNA,US,1,926
BJX,MX,IAH,BOI,US,1,594
BJX,MX,IAH,BRO,US,1,250
BJX,MX,IAH,BTR,US,1,150
BJX,MX,IAH,BZN,US,1,792
BJX,MX,IAH,CAE,US,1,1150
BJX,MX,IAH,CHS,US,1,5016
BJX,MX,IAH,CLE,US,1,696
BJX,MX,IAH,CLT,US,1,416
BJX,MX,IAH,CMH,US,1,2924
BJX,MX,IAH,COS,US,1,414
BJX,MX,IAH,CVG,US,1,50
BJX,MX,,DFW,US,0,94120
BJX,MX,IAH,DSM,US,1,892
BJX,MX,IAH,DTW,US,1,116
BJX,MX,IAH,ELP,US,1,264
BJX,MX,LAX,FAT,US,1,66
BJX,MX,IAH,GPT,US,1,8050
BJX,MX,IAH,GRR,US,1,50
BJX,MX,IAH,GUC,US,1,66
BJX,MX,LAX,HDN,US,1,2376
BJX,MX,IAH,HRL,US,1,396
BJX,MX,IAH,HSV,US,1,1800
BJX,MX,,IAH,US,0,84196
BJX,MX,IAH,ICT,US,1,1198
BJX,MX,IAH,IND,US,1,166
BJX,MX,IAH,JAN,US,1,250
BJX,MX,IAH,JAX,US,1,150
BJX,MX,LAX,LAS,US,1,858
BJX,MX,,LAX,US,0,47408
BJX,MX,,LAX,US,0,47982
BJX,MX,,LAX,US,0,16232
BJX,MX,IAH,LFT,US,1,1032
BJX,MX,IAH,LIT,US,1,132
BJX,MX,IAH,MAF,US,1,600
BJX,MX,IAH,MCI,US,1,198
BJX,MX,,MDW,US,0,16376
BJX,MX,IAH,MEM,US,1,198
BJX,MX,IAH,MFE,US,1,50
BJX,MX,IAH,MKE,US,1,908
BJX,MX,IAH,MLU,US,1,50
BJX,MX,IAH,MOB,US,1,150
BJX,MX,LAX,MSP,US,1,726
BJX,MX,IAH,MSY,US,1,396
BJX,MX,,OAK,US,0,7788
BJX,MX,IAH,OKC,US,1,200
BJX,MX,IAH,OMA,US,1,182
BJX,MX,IAH,ONT,US,1,66
BJX,MX,IAH,ORD,US,1,660
BJX,MX,IAH,PBI,US,1,1064
BJX,MX,LAX,PHX,US,1,1254
BJX,MX,IAH,PIT,US,1,582
BJX,MX,IAH,PNS,US,1,100
BJX,MX,IAH,PSP,US,1,462
BJX,MX,IAH,RIC,US,1,50
BJX,MX,LAX,SAN,US,1,66
BJX,MX,IAH,SAT,US,1,366
BJX,MX,IAH,SAV,US,1,150
BJX,MX,IAH,SDF,US,1,216
BJX,MX,,SFO,US,0,480
BJX,MX,LAX,SFO,US,1,132
BJX,MX,IAH,SHV,US,1,150
BJX,MX,LAX,SLC,US,1,1172
BJX,MX,LAX,SMF,US,1,264
BJX,MX,LAX,SMX,US,1,594
BJX,MX,IAH,STL,US,1,100
BJX,MX,IAH,TUL,US,1,380
BJX,MX,IAH,TYR,US,1,650
BJX,MX,IAH,TYS,US,1,350
BJX,MX,IAH,VPS,US,1,266
BJX,MX,IAH,XNA,US,1,200
CME,MX,IAH,AMA,US,1,250
CME,MX,IAH,BTR,US,1,450
CME,MX,IAH,CLT,US,1,250
CME,MX,IAH,CVG,US,1,50
CME,MX,IAH,ELP,US,1,1550
CME,MX,IAH,GPT,US,1,350
CME,MX,IAH,GRK,US,1,200
CME,MX,IAH,IAD,US,1,50
CME,MX,,IAH,US,0,18150
CME,MX,IAH,ICT,US,1,100
CME,MX,IAH,JAN,US,1,50
CME,MX,IAH,LFT,US,1,50
CME,MX,IAH,MAF,US,1,350
CME,MX,IAH,MOB,US,1,50
CME,MX,IAH,PNS,US,1,650
CME,MX,IAH,TUL,US,1,1700
CME,MX,IAH,TUS,US,1,250
CME,MX,IAH,TYR,US,1,1050
CUL,MX,HMO,LAX,US,1,550
CUN,MX,DEN,ABQ,US,1,775
CUN,MX,ORD,ALB,US,1,501
CUN,MX,CLT,ALB,US,1,600
CUN,MX,DEN,ANC,US,1,152
CUN,MX,,ATL,US,0,326377
CUN,MX,IAH,ATL,US,1,4175
CUN,MX,,ATL,US,0,55802
CUN,MX,,AUS,US,0,9615
CUN,MX,IAH,AUS,US,1,1169
CUN,MX,,AUS,US,0,40612
CUN,MX,,BDL,US,0,5400
CUN,MX,DEN,BIL,US,1,6089
CUN,MX,MSY,BKG,US,1,15750
CUN,MX,MSY,BKG,US,1,100
CUN,MX,,BNA,US,0,5514
CUN,MX,IAH,BNA,US,1,167
CUN,MX,DEN,BOI,US,1,167
CUN,MX,,BOS,US,0,556
CUN,MX,,BOS,US,0,32550
CUN,MX,,BOS,US,0,7697
CUN,MX,EWR,BOS,US,1,42211
CUN,MX,,BOS,US,0,5096
CUN,MX,ORD,BTV,US,1,167
CUN,MX,ORD,BUF,US,1,167
CUN,MX,,BWI,US,0,2235
CUN,MX,FLL,BWI,US,1,49906
CUN,MX,IAH,BWI,US,1,2171
CUN,MX,,BWI,US,0,106431
CUN,MX,DEN,BZN,US,1,1670
CUN,MX,,CLE,US,0,34314
CUN,MX,,CLE,US,0,12820
CUN,MX,IAH,CLE,US,1,20332
CUN,MX,,CLT,US,0,38989
CUN,MX,EWR,CLT,US,1,167
CUN,MX,,CLT,US,0,171159
CUN,MX,,CMH,US,0,5514
CUN,MX,ORD,CMH,US,1,501
CUN,MX,,CVG,US,0,8628
CUN,MX,,CVG,US,0,6314
CUN,MX,ORD,DCA,US,1,4008
CUN,MX,,DEN,US,0,73314
CUN,MX,,DEN,US,0,82857
CUN,MX,IAD,DEN,US,1,37948
CUN,MX,,DEN,US,0,56741
CUN,MX,,DFW,US,0,327318
CUN,MX,JFK,DFW,US,1,25650
CUN,MX,,DFW,US,0,37188
CUN,MX,,DFW,US,0,45684
CUN,MX,IAH,DFW,US,1,4843
CUN,MX,DEN,DSM,US,1,8654
CUN,MX,,DTW,US,0,71156
CUN,MX,,DTW,US,0,28834
CUN,MX,ORD,DTW,US,1,334
CUN,MX,IAH,EGE,US,1,3310
CUN,MX,,EWR,US,0,178538
CUN,MX,IAH,EWR,US,1,14972
CUN,MX,,EWR,US,0,3384
CUN,MX,,FLL,US,0,66700
CUN,MX,,FLL,US,0,64858
CUN,MX,DEN,GEG,US,1,1837
CUN,MX,IAH,HDN,US,1,486
CUN,MX,,HOU,US,0,22308
CUN,MX,,IAD,US,0,5513
CUN,MX,,IAD,US,0,6984
CUN,MX,,IAD,US,0,80733
CUN,MX,ORD,IAD,US,1,7348
CUN,MX,,IAH,US,0,19552
CUN,MX,,IAH,US,0,355178
CUN,MX,,IAH,US,0,26610
CUN,MX,DEN,ICT,US,1,501
CUN,MX,,IND,US,0,5066
CUN,MX,,IND,US,0,1680
CUN,MX,EWR,IND,US,1,1837
CUN,MX,,IND,US,0,2814
CUN,MX,IAH,JAC,US,1,835
CUN,MX,,JFK,US,0,128278
CUN,MX,,JFK,US,0,64904
CUN,MX,,JFK,US,0,133360
CUN,MX,PHX,JFK,US,1,935
CUN,MX,EWR,LAS,US,1,13801
CUN,MX,,LAS,US,0,8382
CUN,MX,,LAX,US,0,82898
CUN,MX,FLL,LAX,US,1,178
CUN,MX,,LAX,US,0,96320
CUN,MX,CLE,LAX,US,1,34271
CUN,MX,,LAX,US,0,37317
CUN,MX,IAH,LGA,US,1,9853
CUN,MX,,MCI,US,0,12566
CUN,MX,ORD,MCI,US,1,167
CUN,MX,,MCO,US,0,58400
CUN,MX,,MCO,US,0,8576
CUN,MX,,MDW,US,0,112610
CUN,MX,,MEM,US,0,3874
CUN,MX,,MIA,US,0,41468
CUN,MX,,MIA,US,0,319558
CUN,MX,MEX,MIA,US,1,53870
CUN,MX,,MKE,US,0,5364
CUN,MX,,MKE,US,0,6972
CUN,MX,,MKE,US,0,7436
CUN,MX,DEN,MSN,US,1,334
CUN,MX,,MSP,US,0,81150
CUN,MX,,MSP,US,0,62370
CUN,MX,DFW,MSP,US,1,31590
CUN,MX,ORD,MSP,US,1,1792
CUN,MX,,MSY,US,0,15750
CUN,MX,,MSY,US,0,100
CUN,MX,,MSY,US,0,3194
CUN,MX,,MSY,US,0,2931
CUN,MX,IAH,MSY,US,1,2824
CUN,MX,IAH,MTJ,US,1,668
CUN,MX,DEN,OMA,US,1,653
CUN,MX,,ORD,US,0,74550
CUN,MX,DFW,ORD,US,1,26054
CUN,MX,,ORD,US,0,118754
CUN,MX,IAD,ORD,US,1,11935
CUN,MX,SFO,PDX,US,1,15790
CUN,MX,,PHL,US,0,31553
CUN,MX,,PHL,US,0,48930
CUN,MX,IAH,PHL,US,1,835
CUN,MX,,PHL,US,0,126494
CUN,MX,CLT,PHL,US,1,5848
CUN,MX,,PHX,US,0,23072
CUN,MX,SFO,PHX,US,1,14503
CUN,MX,,PHX,US,0,82508
CUN,MX,,PIT,US,0,2086
CUN,MX,IAH,PIT,US,1,835
CUN,MX,,RDU,US,0,5811
CUN,MX,IAD,RDU,US,1,820
CUN,MX,,RFD,US,0,5658
CUN,MX,DEN,RNO,US,1,167
CUN,MX,,RSW,US,0,3888
CUN,MX,EWR,SAN,US,1,7971
CUN,MX,,SAT,US,0,10195
CUN,MX,IAH,SAT,US,1,1336
CUN,MX,,SAT,US,0,19162
CUN,MX,EWR,SDF,US,1,426
CUN,MX,,SEA,US,0,27789
CUN,MX,,SEA,US,0,350
CUN,MX,SFO,SEA,US,1,10005
CUN,MX,,SFB,US,0,15450
CUN,MX,,SFO,US,0,76047
CUN,MX,EWR,SFO,US,1,28796
CUN,MX,,SFO,US,0,8643
CUN,MX,DEN,SJC,US,1,334
CUN,MX,,SLC,US,0,42450
CUN,MX,,SLC,US,0,1680
CUN,MX,DEN,SLC,US,1,471
CUN,MX,IAH,SMF,US,1,24142
CUN,MX,DEN,SNA,US,1,9823
CUN,MX,,STL,US,0,53934
CUN,MX,,TPA,US,0,4918
CUU,MX,IAH,BHM,US,1,1450
CUU,MX,IAH,CAE,US,1,200
CUU,MX,IAH,CMH,US,1,200
CUU,MX,,DEN,US,0,8676
CUU,MX,,DFW,US,0,33900
CUU,MX,IAH,DSM,US,1,50
CUU,MX,IAH,DTW,US,1,50
CUU,MX,IAH,GPT,US,1,200
CUU,MX,IAH,GRK,US,1,50
CUU,MX,IAH,GRR,US,1,50
CUU,MX,,IAH,US,0,18150
CUU,MX,IAH,IND,US,1,200
CUU,MX,IAH,LEX,US,1,100
CUU,MX,IAH,LFT,US,1,50
CUU,MX,IAH,LIT,US,1,1350
CUU,MX,IAH,MEM,US,1,100
CUU,MX,IAH,MOB,US,1,100
CUU,MX,IAH,MSP,US,1,450
CUU,MX,IAH,MSY,US,1,200
CUU,MX,IAH,OKC,US,1,300
CUU,MX,IAH,OMA,US,1,50
CUU,MX,IAH,ORF,US,1,150
CUU,MX,IAH,PNS,US,1,550
CUU,MX,IAH,RDU,US,1,300
CUU,MX,IAH,RIC,US,1,100
CUU,MX,IAH,SAV,US,1,650
CUU,MX,IAH,STL,US,1,500
CUU,MX,IAH,XNA,US,1,300
CZM,MX,,ATL,US,0,44761
CZM,MX,ORD,BDL,US,1,334
CZM,MX,MIA,BOS,US,1,20432
CZM,MX,ORD,BOS,US,1,334
CZM,MX,CLT,BUF,US,1,256
CZM,MX,ORD,BWI,US,1,835
CZM,MX,ORD,CLE,US,1,1655
CZM,MX,,CLT,US,0,2176
CZM,MX,,CLT,US,0,5828
CZM,MX,IAH,DCA,US,1,835
CZM,MX,,DEN,US,0,4866
CZM,MX,IAH,DEN,US,1,167
CZM,MX,,DFW,US,0,58200
CZM,MX,,DFW,US,0,7578
CZM,MX,IAH,DFW,US,1,167
CZM,MX,,DTW,US,0,1200
CZM,MX,IAH,EGE,US,1,3858
CZM,MX,,EWR,US,0,1336
CZM,MX,IAH,EWR,US,1,10084
CZM,MX,IAH,IAD,US,1,501
CZM,MX,,IAH,US,0,61418
CZM,MX,IAH,LAS,US,1,1306
CZM,MX,IAH,LAX,US,1,334
CZM,MX,ORD,LGA,US,1,486
CZM,MX,,MIA,US,0,23592
CZM,MX,,MSP,US,0,8122
CZM,MX,,MSP,US,0,8712
CZM,MX,DFW,MSP,US,1,4014
CZM,MX,IAH,MSY,US,1,152
CZM,MX,,ORD,US,0,2250
CZM,MX,,ORD,US,0,6453
CZM,MX,IAH,ORD,US,1,501
CZM,MX,IAH,PDX,US,1,167
CZM,MX,IAH,PHL,US,1,4331
CZM,MX,IAH,PHX,US,1,1291
CZM,MX,ORD,SEA,US,1,1443
CZM,MX,IAH,SFO,US,1,805
CZM,MX,ORD,SMF,US,1,167
CZM,MX,IAH,SNA,US,1,167
CZM,MX,IAH,TUL,US,1,1064
DGO,MX,LAX,HDN,US,1,198
DGO,MX,,IAH,US,0,3850
DGO,MX,,LAX,US,0,4224
DGO,MX,IAH,LIT,US,1,50
DGO,MX,,MDW,US,0,1008
DGO,MX,IAH,MFE,US,1,150
DGO,MX,LAX,MTJ,US,1,198
DGO,MX,IAH,ORF,US,1,50
DGO,MX,LAX,PHX,US,1,330
DGO,MX,IAH,SAV,US,1,50
GDL,MX,,ATL,US,0,68598
GDL,MX,IAH,ATL,US,1,378
GDL,MX,PHX,AUS,US,1,5074
GDL,MX,IAH,AUS,US,1,5306
GDL,MX,PHX,AUS,US,1,948
GDL,MX,IAH,BHM,US,1,50
GDL,MX,IAH,BOS,US,1,4196
GDL,MX,IAH,BWI,US,1,258
GDL,MX,IAH,CLE,US,1,7044
GDL,MX,IAH,CRP,US,1,50
GDL,MX,IAH,DCA,US,1,2928
GDL,MX,,DEN,US,0,248
GDL,MX,IAH,DEN,US,1,987
GDL,MX,,DEN,US,0,16836
GDL,MX,,DFW,US,0,97588
GDL,MX,IAH,DFW,US,1,2714
GDL,MX,,DFW,US,0,8880
GDL,MX,,DFW,US,0,16486
GDL,MX,IAH,DSM,US,1,100
GDL,MX,IAH,ELP,US,1,100
GDL,MX,IAH,EWR,US,1,2982
GDL,MX,,FAT,US,0,33954
GDL,MX,,FAT,US,0,61848
GDL,MX,IAH,FLL,US,1,2249
GDL,MX,,FLL,US,0,18246
GDL,MX,IAH,GPT,US,1,100
GDL,MX,IAH,GRK,US,1,100
GDL,MX,IAH,GUC,US,1,276
GDL,MX,,IAH,US,0,128231
GDL,MX,,IAH,US,0,18988
GDL,MX,,IAH,US,0,18334
GDL,MX,IAH,IND,US,1,3650
GDL,MX,IAH,JAX,US,1,50
GDL,MX,MTY,JFK,US,1,30229
GDL,MX,,JFK,US,0,12654
GDL,MX,IAH,LAS,US,1,258
GDL,MX,,LAS,US,0,69942
GDL,MX,,LAX,US,0,26992
GDL,MX,,LAX,US,0,120661
GDL,MX,,LAX,US,0,60137
GDL,MX,,LAX,US,0,81125
GDL,MX,IAH,LAX,US,1,414
GDL,MX,,LAX,US,0,167418
GDL,MX,IAH,LBB,US,1,100
GDL,MX,IAH,LEX,US,1,550
GDL,MX,IAH,LGA,US,1,1032
GDL,MX,PHX,LGB,US,1,4472
GDL,MX,PHX,LGB,US,1,948
GDL,MX,IAH,LIT,US,1,300
GDL,MX,IAH,MAF,US,1,100
GDL,MX,IAH,MCI,US,1,4184
GDL,MX,IAH,MCO,US,1,258
GDL,MX,,MCO,US,0,18966
GDL,MX,,MDW,US,0,52768
GDL,MX,IAH,MEM,US,1,200
GDL,MX,IAH,MFE,US,1,100
GDL,MX,IAH,MIA,US,1,2278
GDL,MX,IAH,MLU,US,1,200
GDL,MX,IAH,MOB,US,1,100
GDL,MX,,OAK,US,0,85734
GDL,MX,IAH,OMA,US,1,100
GDL,MX,,ONT,US,0,33630
GDL,MX,,ONT,US,0,38556
GDL,MX,,ORD,US,0,55910
GDL,MX,IAH,ORD,US,1,2126
GDL,MX,,ORD,US,0,17832
GDL,MX,IAH,PBI,US,1,770
GDL,MX,IAH,PDX,US,1,240
GDL,MX,,PDX,US,0,26880
GDL,MX,IAH,PHL,US,1,1758
GDL,MX,,PHX,US,0,14892
GDL,MX,IAH,PHX,US,1,600
GDL,MX,,PHX,US,0,71104
GDL,MX,,PHX,US,0,26574
GDL,MX,IAH,PIT,US,1,120
GDL,MX,IAH,PNS,US,1,1250
GDL,MX,IAH,RIC,US,1,150
GDL,MX,PHX,RNO,US,1,1920
GDL,MX,,RNO,US,0,19488
GDL,MX,IAH,RSW,US,1,120
GDL,MX,IAH,SAN,US,1,120
GDL,MX,,SAN,US,0,6240
GDL,MX,,SAT,US,0,16500
GDL,MX,MTY,SAT,US,1,250
GDL,MX,IAH,SAT,US,1,3428
GDL,MX,,SAT,US,0,25182
GDL,MX,IAH,SAV,US,1,2450
GDL,MX,PHX,SBA,US,1,79
GDL,MX,IAH,SDF,US,1,50
GDL,MX,IAH,SEA,US,1,378
GDL,MX,,SFO,US,0,46184
GDL,MX,IAH,SFO,US,1,534
GDL,MX,,SJC,US,0,49455
GDL,MX,,SJC,US,0,66894
GDL,MX,,SLC,US,0,14870
GDL,MX,,SMF,US,0,44976
GDL,MX,,SMF,US,0,47406
GDL,MX,IAH,SNA,US,1,287
GDL,MX,IAH,STL,US,1,1850
GDL,MX,IAH,TPA,US,1,3966
GDL,MX,IAH,TUL,US,1,50
GDL,MX,PHX,TUS,US,1,2334
GDL,MX,IAH,VPS,US,1,200
GDL,MX,IAH,XNA,US,1,150
HMO,MX,,LAX,US,0,18250
HMO,MX,,PHX,US,0,6000
HMO,MX,,PHX,US,0,14850
HMO,MX,,PHX,US,0,2112
HMO,MX,PHX,TUS,US,1,200
HUX,MX,IAH,ATL,US,1,66
HUX,MX,IAH,BFL,US,1,66
HUX,MX,IAH,CRP,US,1,264
HUX,MX,IAH,CVG,US,1,50
HUX,MX,IAH,GPT,US,1,100
HUX,MX,,IAH,US,0,7036
HUX,MX,IAH,JAX,US,1,66
HUX,MX,IAH,LRD,US,1,200
HUX,MX,IAH,MOB,US,1,100
HUX,MX,,MSP,US,0,2268
HUX,MX,,STL,US,0,1380
HUX,MX,IAH,VPS,US,1,2800
LAP,MX,,LAX,US,0,1287
LTO,MX,,LAX,US,0,25639
MEX,MX,IAH,ABQ,US,1,846
MEX,MX,ORD,ALB,US,1,2876
MEX,MX,,ATL,US,0,256047
MEX,MX,IAH,ATL,US,1,1380
MEX,MX,IAH,AUS,US,1,438
MEX,MX,,AUS,US,0,144
MEX,MX,IAH,BHM,US,1,990
MEX,MX,IAH,BNA,US,1,462
MEX,MX,,BOS,US,0,20989
MEX,MX,EWR,BOS,US,1,40294
MEX,MX,IAH,BRO,US,1,50
MEX,MX,PHX,BWI,US,1,2100
MEX,MX,ORD,BWI,US,1,650
MEX,MX,PHX,BWI,US,1,750
MEX,MX,IAH,CHS,US,1,5728
MEX,MX,EWR,CLE,US,1,19682
MEX,MX,PHX,CLE,US,1,496
MEX,MX,,CLT,US,0,9908
MEX,MX,ORD,CLT,US,1,304
MEX,MX,,CLT,US,0,31096
MEX,MX,IAH,COS,US,1,132
MEX,MX,IAH,CVG,US,1,330
MEX,MX,IAH,DCA,US,1,890
MEX,MX,,DEN,US,0,18099
MEX,MX,GDL,DEN,US,1,248
MEX,MX,,DEN,US,0,6824
MEX,MX,IAH,DEN,US,1,11024
MEX,MX,,DEN,US,0,17496
MEX,MX,,DFW,US,0,268800
MEX,MX,,DFW,US,0,72355
MEX,MX,IAH,DSM,US,1,150
MEX,MX,,DTW,US,0,48378
MEX,MX,IAH,DTW,US,1,600
MEX,MX,IAH,EGE,US,1,456
MEX,MX,,EWR,US,0,94708
MEX,MX,IAH,EWR,US,1,6490
MEX,MX,,FLL,US,0,13650
MEX,MX,IAH,FLL,US,1,726
MEX,MX,,FLL,US,0,35622
MEX,MX,IAH,GRR,US,1,66
MEX,MX,IAH,HDN,US,1,152
MEX,MX,,HOU,US,0,11011
MEX,MX,IAH,HRL,US,1,50
MEX,MX,,IAD,US,0,41946
MEX,MX,,IAD,US,0,51326
MEX,MX,IAH,IAD,US,1,1946
MEX,MX,,IAH,US,0,42630
MEX,MX,,IAH,US,0,166152
MEX,MX,,IAH,US,0,273880
MEX,MX,IAH,IND,US,1,1932
MEX,MX,IAH,JAX,US,1,1650
MEX,MX,,JFK,US,0,97500
MEX,MX,,JFK,US,0,277726
MEX,MX,,JFK,US,0,68839
MEX,MX,,LAS,US,0,166205
MEX,MX,MTY,LAS,US,1,17153
MEX,MX,SFO,LAS,US,1,6194
MEX,MX,,LAS,US,0,79092
MEX,MX,,LAX,US,0,35700
MEX,MX,,LAX,US,0,356348
MEX,MX,,LAX,US,0,38465
MEX,MX,,LAX,US,0,48524
MEX,MX,IAH,LAX,US,1,5748
MEX,MX,,LAX,US,0,55242
MEX,MX,IAH,LFT,US,1,132
MEX,MX,DEN,LGA,US,1,12954
MEX,MX,,MCO,US,0,122621
MEX,MX,,MCO,US,0,13650
MEX,MX,IAH,MCO,US,1,880
MEX,MX,,MCO,US,0,44292
MEX,MX,ORD,MDT,US,1,784
MEX,MX,IAH,MEM,US,1,396
MEX,MX,IAH,MFE,US,1,778
MEX,MX,,MFE,US,0,12384
MEX,MX,,MIA,US,0,136350
MEX,MX,,MIA,US,0,218850
MEX,MX,,MIA,US,0,185764
MEX,MX,MID,MIA,US,1,20988
MEX,MX,IAH,MIA,US,1,2470
MEX,MX,IAH,MKE,US,1,66
MEX,MX,IAH,MOB,US,1,66
MEX,MX,DTW,MSP,US,1,10206
MEX,MX,IAH,MSP,US,1,936
MEX,MX,IAH,MSY,US,1,1506
MEX,MX,,OAK,US,0,11586
MEX,MX,,ONT,US,0,16789
MEX,MX,GDL,ONT,US,1,620
MEX,MX,,ORD,US,0,52200
MEX,MX,,ORD,US,0,151465
MEX,MX,MLM,ORD,US,1,4754
MEX,MX,,ORD,US,0,50562
MEX,MX,EWR,ORD,US,1,17772
MEX,MX,,ORD,US,0,49182
MEX,MX,IAH,PBI,US,1,600
MEX,MX,SFO,PDX,US,1,1072
MEX,MX,IAH,PHL,US,1,1308
MEX,MX,,PHX,US,0,20402
MEX,MX,IAH,PHX,US,1,1470
MEX,MX,,PHX,US,0,65960
MEX,MX,ORD,PIT,US,1,552
MEX,MX,PHX,PIT,US,1,124
MEX,MX,SFO,PSP,US,1,876
MEX,MX,ORD,RDU,US,1,512
MEX,MX,CLT,RDU,US,1,150
MEX,MX,SFO,RNO,US,1,276
MEX,MX,ORD,ROC,US,1,120
MEX,MX,IAH,RSW,US,1,516
MEX,MX,SFO,SAN,US,1,7692
MEX,MX,,SAN,US,0,25740
MEX,MX,,SAT,US,0,96000
MEX,MX,,SAT,US,0,59598
MEX,MX,IAH,SAT,US,1,3322
MEX,MX,,SAT,US,0,52195
MEX,MX,IAH,SEA,US,1,2310
MEX,MX,,SFO,US,0,109798
MEX,MX,,SFO,US,0,100164
MEX,MX,IAH,SFO,US,1,4336
MEX,MX,IAH,SJC,US,1,120
MEX,MX,,SLC,US,0,42454
MEX,MX,SFO,SLC,US,1,138
MEX,MX,,SMF,US,0,12817
MEX,MX,ORD,SMF,US,1,244
MEX,MX,SFO,SNA,US,1,3334
MEX,MX,,SNA,US,0,52195
MEX,MX,IAH,STL,US,1,1056
MEX,MX,IAH,TPA,US,1,120
MEX,MX,IAH,TUL,US,1,1518
MID,MX,IAH,AUS,US,1,118
MID,MX,IAH,BOS,US,1,472
MID,MX,IAH,BWI,US,1,638
MID,MX,IAH,DEN,US,1,987
MID,MX,IAH,DTW,US,1,304
MID,MX,IAH,EGE,US,1,270
MID,MX,IAH,EWR,US,1,7488
MID,MX,IAH,IAD,US,1,4528
MID,MX,,IAH,US,0,42425
MID,MX,IAH,LAX,US,1,354
MID,MX,IAH,LGA,US,1,152
MID,MX,,MIA,US,0,20988
MID,MX,IAH,MSY,US,1,118
MID,MX,IAH,ORD,US,1,1772
MID,MX,IAH,SAN,US,1,388
MID,MX,IAH,SAT,US,1,270
MID,MX,IAH,SEA,US,1,118
MID,MX,IAH,SFO,US,1,270
MLM,MX,IAH,ATL,US,1,100
MLM,MX,IAH,BHM,US,1,850
MLM,MX,IAH,BNA,US,1,50
MLM,MX,IAH,CAE,US,1,50
MLM,MX,IAH,CHS,US,1,200
MLM,MX,IAH,CLE,US,1,50
MLM,MX,IAH,CRP,US,1,150
MLM,MX,IAH,CVG,US,1,150
MLM,MX,,DFW,US,0,18950
MLM,MX,IAH,DSM,US,1,200
MLM,MX,IAH,GPT,US,1,100
MLM,MX,,IAH,US,0,18600
MLM,MX,IAH,ICT,US,1,400
MLM,MX,IAH,JAX,US,1,5250
MLM,MX,,LAX,US,0,42534
MLM,MX,IAH,LCH,US,1,200
MLM,MX,IAH,LEX,US,1,50
MLM,MX,IAH,LFT,US,1,200
MLM,MX,IAH,LIT,US,1,50
MLM,MX,IAH,MAF,US,1,50
MLM,MX,IAH,MCI,US,1,50
MLM,MX,,MDW,US,0,40280
MLM,MX,IAH,MEM,US,1,50
MLM,MX,IAH,MKE,US,1,50
MLM,MX,IAH,MLU,US,1,150
MLM,MX,,OAK,US,0,15226
MLM,MX,,ORD,US,0,4943
MLM,MX,IAH,PIA,US,1,550
MLM,MX,IAH,RDU,US,1,1650
MLM,MX,IAH,RIC,US,1,50
MLM,MX,IAH,SDF,US,1,50
MLM,MX,,SFO,US,0,640
MLM,MX,IAH,SHV,US,1,500
MLM,MX,IAH,TUL,US,1,1450
MLM,MX,IAH,TYR,US,1,100
MTY,MX,IAH,ABQ,US,1,596
MTY,MX,IAH,AEX,US,1,950
MTY,MX,IAH,AMA,US,1,450
MTY,MX,,ATL,US,0,84926
MTY,MX,IAH,ATL,US,1,2464
MTY,MX,ORD,ATW,US,1,132
MTY,MX,IAH,AUS,US,1,450
MTY,MX,ORD,BDL,US,1,1400
MTY,MX,IAH,BFL,US,1,330
MTY,MX,IAH,BHM,US,1,5020
MTY,MX,IAH,BNA,US,1,1328
MTY,MX,ORD,BOI,US,1,206
MTY,MX,ORD,BOS,US,1,66
MTY,MX,IAH,BTR,US,1,1750
MTY,MX,ORD,BUF,US,1,132
MTY,MX,ORD,BZN,US,1,132
MTY,MX,IAH,CAE,US,1,2850
MTY,MX,IAH,CHS,US,1,3196
MTY,MX,IAH,CLE,US,1,1932
MTY,MX,IAH,CLL,US,1,150
MTY,MX,IAH,CLT,US,1,4228
MTY,MX,IAH,CMH,US,1,914
MTY,MX,ORD,COD,US,1,264
MTY,MX,IAH,COS,US,1,1762
MTY,MX,IAH,CRP,US,1,882
MTY,MX,IAH,CRW,US,1,150
MTY,MX,IAH,CVG,US,1,5304
MTY,MX,ORD,DAY,US,1,1056
MTY,MX,ORD,DCA,US,1,528
MTY,MX,,DFW,US,0,184056
MTY,MX,IAH,DFW,US,1,166
MTY,MX,,DFW,US,0,8780
MTY,MX,IAH,DSM,US,1,2628
MTY,MX,,DTW,US,0,29430
MTY,MX,IAH,DTW,US,1,1520
MTY,MX,IAH,ECP,US,1,1900
MTY,MX,IAH,ELP,US,1,3602
MTY,MX,ORD,FAR,US,1,1992
MTY,MX,ORD,FCA,US,1,66
MTY,MX,ORD,FSD,US,1,528
MTY,MX,IAH,GPT,US,1,1600
MTY,MX,IAH,GRK,US,1,1400
MTY,MX,IAH,GRR,US,1,750
MTY,MX,IAH,GSP,US,1,50
MTY,MX,IAH,HOB,US,1,500
MTY,MX,IAH,HSV,US,1,950
MTY,MX,,IAH,US,0,50372
MTY,MX,,IAH,US,0,30364
MTY,MX,,IAH,US,0,144930
MTY,MX,,IAH,US,0,35472
MTY,MX,IAH,ICT,US,1,600
MTY,MX,IAH,IND,US,1,1100
MTY,MX,IAH,ISN,US,1,700
MTY,MX,IAH,JAN,US,1,100
MTY,MX,IAH,JAX,US,1,100
MTY,MX,,JFK,US,0,36715
MTY,MX,,LAS,US,0,32100
MTY,MX,,LAS,US,0,17153
MTY,MX,,LAS,US,0,23004
MTY,MX,,LAX,US,0,24852
MTY,MX,IAH,LBB,US,1,1250
MTY,MX,IAH,LCH,US,1,50
MTY,MX,IAH,LEX,US,1,1166
MTY,MX,IAH,LFT,US,1,2146
MTY,MX,ORD,LGA,US,1,66
MTY,MX,IAH,LIT,US,1,516
MTY,MX,ORD,LNK,US,1,132
MTY,MX,IAH,MAF,US,1,1114
MTY,MX,IAH,MCI,US,1,504
MTY,MX,IAH,MEM,US,1,1074
MTY,MX,,MIA,US,0,23024
MTY,MX,,MIA,US,0,21356
MTY,MX,IAH,MIA,US,1,330
MTY,MX,IAH,MKE,US,1,198
MTY,MX,ORD,MLI,US,1,132
MTY,MX,IAH,MLU,US,1,550
MTY,MX,IAH,MOB,US,1,932
MTY,MX,IAH,MSP,US,1,578
MTY,MX,IAH,MSY,US,1,2882
MTY,MX,IAH,OKC,US,1,50
MTY,MX,IAH,OMA,US,1,3648
MTY,MX,,ORD,US,0,47112
MTY,MX,ORD,ORF,US,1,298
MTY,MX,IAH,PBI,US,1,316
MTY,MX,IAH,PIA,US,1,150
MTY,MX,IAH,PIT,US,1,200
MTY,MX,IAH,PNS,US,1,500
MTY,MX,ORD,RAP,US,1,5066
MTY,MX,IAH,RDU,US,1,1850
MTY,MX,IAH,RIC,US,1,50
MTY,MX,,SAT,US,0,27146
MTY,MX,,SAT,US,0,18250
MTY,MX,IAH,SAT,US,1,1148
MTY,MX,,SAT,US,0,12056
MTY,MX,IAH,SAV,US,1,100
MTY,MX,IAH,SHV,US,1,316
MTY,MX,ORD,STL,US,1,1630
MTY,MX,IAH,TUL,US,1,350
MTY,MX,IAH,TUS,US,1,396
MTY,MX,IAH,TYR,US,1,1200
MTY,MX,IAH,VPS,US,1,100
MTY,MX,IAH,XNA,US,1,616
MZT,MX,,DFW,US,0,18168
MZT,MX,PHX,IAH,US,1,7936
MZT,MX,,LAX,US,0,1216
MZT,MX,,LAX,US,0,35826
MZT,MX,,LAX,US,0,19194
MZT,MX,,MSP,US,0,8130
MZT,MX,,MSP,US,0,7074
MZT,MX,,PHX,US,0,13202
MZT,MX,,PHX,US,0,42509
MZT,MX,PHX,SJC,US,1,496
MZT,MX,PHX,SMF,US,1,1364
OAX,MX,IAH,ABQ,US,1,50
OAX,MX,IAH,AUS,US,1,50
OAX,MX,IAH,CHS,US,1,200
OAX,MX,IAH,CMH,US,1,200
OAX,MX,IAH,COS,US,1,900
OAX,MX,IAH,CRW,US,1,1650
OAX,MX,IAH,DSM,US,1,500
OAX,MX,IAH,ELP,US,1,750
OAX,MX,IAH,GPT,US,1,600
OAX,MX,IAH,GRK,US,1,50
OAX,MX,IAH,GRR,US,1,200
OAX,MX,,IAH,US,0,15900
OAX,MX,IAH,JAN,US,1,150
OAX,MX,IAH,LCH,US,1,350
OAX,MX,IAH,LIT,US,1,850
OAX,MX,IAH,MAF,US,1,150
OAX,MX,IAH,MEM,US,1,50
OAX,MX,IAH,MFE,US,1,50
OAX,MX,IAH,MSP,US,1,150
OAX,MX,IAH,OMA,US,1,50
OAX,MX,IAH,PBI,US,1,100
OAX,MX,IAH,PNS,US,1,400
OAX,MX,IAH,RDU,US,1,250
OAX,MX,IAH,RIC,US,1,50
OAX,MX,IAH,RSW,US,1,2250
OAX,MX,IAH,STL,US,1,250
OAX,MX,IAH,TUL,US,1,150
PBC,MX,IAH,ABQ,US,1,100
PBC,MX,IAH,BTR,US,1,4750
PBC,MX,IAH,CAE,US,1,150
PBC,MX,IAH,CLT,US,1,150
PBC,MX,,DFW,US,0,16060
PBC,MX,IAH,HOB,US,1,150
PBC,MX,IAH,IAD,US,1,200
PBC,MX,,IAH,US,0,18200
PBC,MX,IAH,ICT,US,1,150
PBC,MX,IAH,LEX,US,1,100
PBC,MX,IAH,MAF,US,1,200
PBC,MX,IAH,MEM,US,1,100
PBC,MX,IAH,MFE,US,1,50
PBC,MX,IAH,MKE,US,1,50
PBC,MX,IAH,PNS,US,1,550
PBC,MX,IAH,SAV,US,1,300
PBC,MX,IAH,STL,US,1,1050
PBC,MX,IAH,TUS,US,1,100
PBC,MX,IAH,TYS,US,1,250
PBC,MX,IAH,VPS,US,1,650
PVR,MX,DEN,ABQ,US,1,760
PVR,MX,PHX,ATL,US,1,600
PVR,MX,,ATL,US,0,40277
PVR,MX,IAH,ATL,US,1,3151
PVR,MX,IAH,AUS,US,1,138
PVR,MX,ORD,BDL,US,1,167
PVR,MX,DEN,BIL,US,1,835
PVR,MX,DEN,BOI,US,1,167
PVR,MX,SFO,BOS,US,1,9356
PVR,MX,ORD,BUF,US,1,1145
PVR,MX,PHX,BUR,US,1,632
PVR,MX,DEN,BWI,US,1,2055
PVR,MX,DEN,BZN,US,1,915
PVR,MX,ORD,CLE,US,1,233
PVR,MX,IAH,CMH,US,1,66
PVR,MX,IAH,DCA,US,1,414
PVR,MX,,DEN,US,0,27534
PVR,MX,,DEN,US,0,28347
PVR,MX,SFO,DEN,US,1,5738
PVR,MX,,DEN,US,0,8723
PVR,MX,,DFW,US,0,116200
PVR,MX,,DFW,US,0,3816
PVR,MX,IAH,DFW,US,1,6514
PVR,MX,DEN,DSM,US,1,472
PVR,MX,,DTW,US,0,10906
PVR,MX,DEN,DTW,US,1,300
PVR,MX,,EWR,US,0,25771
PVR,MX,DEN,EWR,US,1,5405
PVR,MX,IAH,FLL,US,1,1975
PVR,MX,DEN,GEG,US,1,668
PVR,MX,ORD,GRR,US,1,552
PVR,MX,,HOU,US,0,11154
PVR,MX,ORD,IAD,US,1,4134
PVR,MX,,IAH,US,0,92156
PVR,MX,IAH,ICT,US,1,66
PVR,MX,IAH,IND,US,1,66
PVR,MX,MEX,JFK,US,1,41962
PVR,MX,,JFK,US,0,2880
PVR,MX,SFO,LAS,US,1,3781
PVR,MX,,LAX,US,0,78658
PVR,MX,,LAX,US,0,66382
PVR,MX,,LAX,US,0,15854
PVR,MX,DEN,LAX,US,1,3333
PVR,MX,IAH,LFT,US,1,132
PVR,MX,IAH,LGA,US,1,7035
PVR,MX,,MCI,US,0,2070
PVR,MX,IAH,MCO,US,1,944
PVR,MX,DEN,MEM,US,1,466
PVR,MX,IAH,MIA,US,1,4102
PVR,MX,,MKE,US,0,4536
PVR,MX,IAH,MKE,US,1,330
PVR,MX,,MSP,US,0,19066
PVR,MX,,MSP,US,0,22428
PVR,MX,DFW,MSP,US,1,3816
PVR,MX,ORD,MSP,US,1,730
PVR,MX,IAH,MSY,US,1,806
PVR,MX,PHX,OAK,US,1,512
PVR,MX,PHX,OMA,US,1,1792
PVR,MX,ORD,OMA,US,1,167
PVR,MX,,ORD,US,0,28340
PVR,MX,,ORD,US,0,2856
PVR,MX,,ORD,US,0,34065
PVR,MX,SFO,ORD,US,1,3947
PVR,MX,IAH,PBI,US,1,2019
PVR,MX,,PDX,US,0,11560
PVR,MX,SAN,PDX,US,1,38067
PVR,MX,SFO,PDX,US,1,6211
PVR,MX,IAH,PHL,US,1,566
PVR,MX,,PHX,US,0,27131
PVR,MX,DEN,PHX,US,1,319
PVR,MX,,PHX,US,0,82815
PVR,MX,DEN,PIT,US,1,552
PVR,MX,IAH,PSP,US,1,1254
PVR,MX,IAH,RDU,US,1,618
PVR,MX,,RFD,US,0,1656
PVR,MX,PHX,RNO,US,1,384
PVR,MX,PHX,RNO,US,1,124
PVR,MX,ORD,RSW,US,1,302
PVR,MX,,SAN,US,0,24408
PVR,MX,IAH,SAN,US,1,5402
PVR,MX,,SEA,US,0,33876
PVR,MX,SFO,SEA,US,1,57446
PVR,MX,,SEA,US,0,4538
PVR,MX,LAX,SEA,US,1,2090
PVR,MX,,SFO,US,0,65882
PVR,MX,,SFO,US,0,51402
PVR,MX,DEN,SFO,US,1,1978
PVR,MX,,SFO,US,0,13858
PVR,MX,IAH,SJC,US,1,3174
PVR,MX,,SLC,US,0,13972
PVR,MX,IAH,SMF,US,1,1285
PVR,MX,,SNA,US,0,5223
PVR,MX,SFO,SNA,US,1,610
PVR,MX,,SNA,US,0,30888
PVR,MX,,STL,US,0,6080
PVR,MX,IAH,TPA,US,1,120
QRO,MX,IAH,ABQ,US,1,200
QRO,MX,IAH,ATL,US,1,1420
QRO,MX,IAH,AUS,US,1,116
QRO,MX,IAH,BHM,US,1,1700
QRO,MX,IAH,BNA,US,1,3416
QRO,MX,IAH,BOI,US,1,66
QRO,MX,IAH,BTR,US,1,150
QRO,MX,IAH,BZN,US,1,198
QRO,MX,IAH,CAE,US,1,250
QRO,MX,IAH,CHS,US,1,264
QRO,MX,IAH,CLE,US,1,546
QRO,MX,IAH,CLT,US,1,396
QRO,MX,IAH,CMH,US,1,1980
QRO,MX,IAH,CRP,US,1,446
QRO,MX,IAH,CVG,US,1,3218
QRO,MX,,DFW,US,0,60132
QRO,MX,IAH,DFW,US,1,66
QRO,MX,IAH,ELP,US,1,660
QRO,MX,IAH,GRK,US,1,50
QRO,MX,IAH,GRR,US,1,1320
QRO,MX,IAH,GUC,US,1,66
QRO,MX,IAH,HOB,US,1,50
QRO,MX,IAH,HSV,US,1,150
QRO,MX,,IAH,US,0,64636
QRO,MX,IAH,ICT,US,1,760
QRO,MX,IAH,IND,US,1,50
QRO,MX,IAH,JAX,US,1,726
QRO,MX,IAH,LBB,US,1,50
QRO,MX,IAH,LIT,US,1,182
QRO,MX,IAH,MAF,US,1,400
QRO,MX,IAH,MCI,US,1,600
QRO,MX,IAH,MEM,US,1,3480
QRO,MX,IAH,MFE,US,1,50
QRO,MX,IAH,MKE,US,1,2178
QRO,MX,IAH,MOB,US,1,150
QRO,MX,IAH,MSY,US,1,66
QRO,MX,IAH,OKC,US,1,166
QRO,MX,IAH,ORD,US,1,66
QRO,MX,IAH,ORF,US,1,462
QRO,MX,IAH,PHX,US,1,66
QRO,MX,IAH,PIT,US,1,1046
QRO,MX,IAH,PNS,US,1,50
QRO,MX,IAH,PSP,US,1,50
QRO,MX,IAH,RDU,US,1,66
QRO,MX,IAH,RIC,US,1,66
QRO,MX,IAH,SAV,US,1,50
QRO,MX,IAH,SDF,US,1,66
QRO,MX,IAH,SHV,US,1,50
QRO,MX,IAH,STL,US,1,650
QRO,MX,IAH,TUL,US,1,974
QRO,MX,IAH,VPS,US,1,50
QRO,MX,IAH,XNA,US,1,50
SFH,MX,,SAN,US,0,1530
SJD,MX,ORD,ALB,US,1,1656
SJD,MX,,ATL,US,0,40016
SJD,MX,IAH,ATL,US,1,605
SJD,MX,IAH,AUS,US,1,4722
SJD,MX,,AUS,US,0,10153
SJD,MX,DEN,BIL,US,1,334
SJD,MX,IAH,BNA,US,1,66
SJD,MX,CLT,BOS,US,1,128
SJD,MX,SFO,BOS,US,1,3816
SJD,MX,IAH,BWI,US,1,2408
SJD,MX,,BWI,US,0,2860
SJD,MX,IAH,CHS,US,1,66
SJD,MX,LAX,CLE,US,1,942
SJD,MX,,CLT,US,0,1084
SJD,MX,ORD,CLT,US,1,167
SJD,MX,,CLT,US,0,4700
SJD,MX,ORD,CMH,US,1,167
SJD,MX,IAH,DCA,US,1,1234
SJD,MX,,DEN,US,0,19260
SJD,MX,,DEN,US,0,24041
SJD,MX,SFO,DEN,US,1,5823
SJD,MX,,DEN,US,0,42155
SJD,MX,,DFW,US,0,158130
SJD,MX,,DFW,US,0,12117
SJD,MX,SAN,DFW,US,1,49636
SJD,MX,IAH,DFW,US,1,8228
SJD,MX,PHX,DSM,US,1,534
SJD,MX,ORD,DSM,US,1,948
SJD,MX,PHX,DSM,US,1,389
SJD,MX,,DTW,US,0,5652
SJD,MX,IAH,DTW,US,1,1704
SJD,MX,,EWR,US,0,29341
SJD,MX,LAX,EWR,US,1,4899
SJD,MX,IAH,FLL,US,1,1640
SJD,MX,DEN,GEG,US,1,152
SJD,MX,,HOU,US,0,11154
SJD,MX,,IAD,US,0,1807
SJD,MX,LAX,IAD,US,1,2362
SJD,MX,,IAH,US,0,9257
SJD,MX,,IAH,US,0,104104
SJD,MX,PHX,IAH,US,1,450
SJD,MX,DEN,ICT,US,1,318
SJD,MX,DEN,IND,US,1,138
SJD,MX,,JFK,US,0,5165
SJD,MX,SFO,LAS,US,1,1093
SJD,MX,,LAX,US,0,104700
SJD,MX,,LAX,US,0,106214
SJD,MX,,LAX,US,0,45072
SJD,MX,SFO,LAX,US,1,138
SJD,MX,PHX,LAX,US,1,868
SJD,MX,ORD,LGA,US,1,4375
SJD,MX,IAH,MAF,US,1,66
SJD,MX,,MCI,US,0,1410
SJD,MX,IAH,MCI,US,1,138
SJD,MX,IAH,MCO,US,1,1219
SJD,MX,ORD,MDT,US,1,428
SJD,MX,IAH,MEM,US,1,2004
SJD,MX,IAH,MFE,US,1,138
SJD,MX,IAH,MIA,US,1,610
SJD,MX,PHX,MKE,US,1,124
SJD,MX,DEN,MSN,US,1,276
SJD,MX,,MSP,US,0,13603
SJD,MX,,MSP,US,0,10548
SJD,MX,ORD,MSP,US,1,1380
SJD,MX,PHX,MSP,US,1,450
SJD,MX,IAH,MSY,US,1,8474
SJD,MX,PHX,OMA,US,1,640
SJD,MX,IAH,OMA,US,1,798
SJD,MX,,ORD,US,0,30000
SJD,MX,,ORD,US,0,1680
SJD,MX,,ORD,US,0,23910
SJD,MX,IAH,ORD,US,1,11483
SJD,MX,IAH,PBI,US,1,138
SJD,MX,,PDX,US,0,9436
SJD,MX,SFO,PDX,US,1,38021
SJD,MX,SFO,PDX,US,1,2756
SJD,MX,ORD,PHL,US,1,1219
SJD,MX,,PHX,US,0,37851
SJD,MX,LAX,PHX,US,1,138
SJD,MX,,PHX,US,0,140788
SJD,MX,ORD,PIT,US,1,978
SJD,MX,PHX,PIT,US,1,248
SJD,MX,SFO,RNO,US,1,120
SJD,MX,ORD,RSW,US,1,167
SJD,MX,,SAN,US,0,102774
SJD,MX,,SAN,US,0,2560
SJD,MX,,SAN,US,0,49636
SJD,MX,IAH,SAT,US,1,884
SJD,MX,,SEA,US,0,36087
SJD,MX,SAN,SEA,US,1,160219
SJD,MX,,SEA,US,0,3040
SJD,MX,DEN,SEA,US,1,3816
SJD,MX,,SFO,US,0,39945
SJD,MX,,SFO,US,0,55557
SJD,MX,DEN,SFO,US,1,167
SJD,MX,,SFO,US,0,39786
SJD,MX,,SJC,US,0,48422
SJD,MX,,SLC,US,0,20302
SJD,MX,IAH,SLC,US,1,2081
SJD,MX,DEN,SMF,US,1,1068
SJD,MX,,SNA,US,0,7099
SJD,MX,SFO,SNA,US,1,1122
SJD,MX,,SNA,US,0,71786
SJD,MX,ORD,TPA,US,1,806
SJD,MX,IAH,TUL,US,1,264
SJD,MX,PHX,TUS,US,1,124
SJD,MX,IAH,XNA,US,1,66
SLP,MX,IAH,BNA,US,1,50
SLP,MX,IAH,BRO,US,1,600
SLP,MX,IAH,BTR,US,1,5950
SLP,MX,IAH,CAE,US,1,650
SLP,MX,IAH,CLE,US,1,200
SLP,MX,IAH,CLT,US,1,200
SLP,MX,IAH,CRW,US,1,50
SLP,MX,IAH,CVG,US,1,550
SLP,MX,,DFW,US,0,54668
SLP,MX,IAH,DFW,US,1,100
SLP,MX,IAH,ECP,US,1,100
SLP,MX,IAH,GPT,US,1,50
SLP,MX,IAH,GRR,US,1,50
SLP,MX,IAH,HOB,US,1,1500
SLP,MX,IAH,HRL,US,1,200
SLP,MX,,IAH,US,0,18400
SLP,MX,IAH,ICT,US,1,300
SLP,MX,IAH,LEX,US,1,50
SLP,MX,IAH,LRD,US,1,100
SLP,MX,IAH,MAF,US,1,400
SLP,MX,IAH,MCI,US,1,100
SLP,MX,IAH,OMA,US,1,50
SLP,MX,IAH,PBI,US,1,150
SLP,MX,IAH,SAV,US,1,50
SLP,MX,IAH,STL,US,1,350
SLP,MX,IAH,XNA,US,1,300
TAM,MX,IAH,BTR,US,1,50
TAM,MX,IAH,BZN,US,1,66
TAM,MX,IAH,CAE,US,1,50
TAM,MX,IAH,CLE,US,1,200
TAM,MX,IAH,CLT,US,1,100
TAM,MX,IAH,CVG,US,1,400
TAM,MX,IAH,GPT,US,1,600
TAM,MX,IAH,GRK,US,1,3200
TAM,MX,IAH,GRR,US,1,50
TAM,MX,IAH,HSV,US,1,1000
TAM,MX,,IAH,US,0,18990
TAM,MX,IAH,ICT,US,1,116
TAM,MX,IAH,JAC,US,1,264
TAM,MX,IAH,LIT,US,1,1000
TAM,MX,IAH,MCI,US,1,500
TAM,MX,IAH,OMA,US,1,100
TAM,MX,IAH,PIT,US,1,266
TAM,MX,IAH,PNS,US,1,200
TAM,MX,IAH,RIC,US,1,550
TAM,MX,IAH,STL,US,1,150
TAM,MX,IAH,TUL,US,1,50
TAM,MX,IAH,TYS,US,1,50
TAM,MX,IAH,VPS,US,1,250
TAM,MX,IAH,XNA,US,1,200
TIJ,MX,,OAK,US,0,12508
TLC,MX,,FLL,US,0,18035
TLC,MX,IAH,FLL,US,1,145
TLC,MX,,IAH,US,0,7414
TLC,MX,,LAS,US,0,15900
TLC,MX,,SAT,US,0,9022
TRC,MX,IAH,BHM,US,1,250
TRC,MX,IAH,CAE,US,1,50
TRC,MX,IAH,CLT,US,1,50
TRC,MX,,DFW,US,0,19558
TRC,MX,IAH,GPT,US,1,50
TRC,MX,IAH,GSP,US,1,150
TRC,MX,IAH,HSV,US,1,50
TRC,MX,,IAH,US,0,18150
TRC,MX,IAH,ICT,US,1,100
TRC,MX,IAH,IND,US,1,300
TRC,MX,IAH,LEX,US,1,150
TRC,MX,IAH,LIT,US,1,800
TRC,MX,IAH,MAF,US,1,750
TRC,MX,IAH,MCI,US,1,150
TRC,MX,IAH,MEM,US,1,50
TRC,MX,IAH,MKE,US,1,1350
TRC,MX,IAH,RDU,US,1,100
TRC,MX,IAH,TUL,US,1,50
TRC,MX,IAH,TYS,US,1,700
TRC,MX,IAH,XNA,US,1,200
UPN,MX,,LAX,US,0,9222
VER,MX,IAH,AEX,US,1,50
VER,MX,IAH,ATL,US,1,50
VER,MX,IAH,BHM,US,1,300
VER,MX,IAH,BTR,US,1,100
VER,MX,IAH,CLE,US,1,50
VER,MX,IAH,CVG,US,1,50
VER,MX,IAH,DSM,US,1,50
VER,MX,IAH,ELP,US,1,50
VER,MX,IAH,GPT,US,1,200
VER,MX,IAH,GRK,US,1,1100
VER,MX,IAH,HOB,US,1,900
VER,MX,IAH,HRL,US,1,1000
VER,MX,IAH,HSV,US,1,1000
VER,MX,IAH,IAD,US,1,50
VER,MX,,IAH,US,0,37100
VER,MX,IAH,ICT,US,1,2950
VER,MX,IAH,LCH,US,1,350
VER,MX,IAH,LEX,US,1,350
VER,MX,IAH,LIT,US,1,300
VER,MX,IAH,MAF,US,1,200
VER,MX,IAH,MCI,US,1,2650
VER,MX,IAH,MEM,US,1,200
VER,MX,IAH,MKE,US,1,200
VER,MX,IAH,MOB,US,1,150
VER,MX,IAH,MSP,US,1,150
VER,MX,IAH,MTJ,US,1,2300
VER,MX,IAH,OKC,US,1,300
VER,MX,IAH,PBI,US,1,50
VER,MX,IAH,PIT,US,1,200
VER,MX,IAH,PNS,US,1,850
VER,MX,IAH,SHV,US,1,100
VER,MX,IAH,STL,US,1,300
VER,MX,IAH,TUL,US,1,450
VER,MX,IAH,TYR,US,1,50
VER,MX,IAH,VPS,US,1,100
VER,MX,IAH,XNA,US,1,300
VSA,MX,IAH,AMA,US,1,50
VSA,MX,IAH,ASE,US,1,132
VSA,MX,IAH,BHM,US,1,728
VSA,MX,IAH,CAE,US,1,50
VSA,MX,IAH,CLT,US,1,396
VSA,MX,IAH,CVG,US,1,726
VSA,MX,IAH,DTW,US,1,66
VSA,MX,IAH,ELP,US,1,1436
VSA,MX,IAH,GRR,US,1,66
VSA,MX,MEX,IAH,US,1,42865
VSA,MX,,IAH,US,0,21612
VSA,MX,IAH,LFT,US,1,150
VSA,MX,IAH,MAF,US,1,116
VSA,MX,IAH,MEM,US,1,1024
VSA,MX,IAH,MKE,US,1,462
VSA,MX,IAH,MSP,US,1,330
VSA,MX,IAH,OKC,US,1,66
VSA,MX,IAH,ORF,US,1,1470
VSA,MX,IAH,PBI,US,1,1174
VSA,MX,IAH,PIT,US,1,132
VSA,MX,IAH,RDU,US,1,450
VSA,MX,IAH,SAT,US,1,1100
VSA,MX,IAH,SAV,US,1,50
VSA,MX,IAH,SHV,US,1,50
VSA,MX,IAH,TUS,US,1,66
ZCL,MX,,DFW,US,0,7344
ZCL,MX,,LAX,US,0,30204
ZCL,MX,,MDW,US,0,23000
ZIH,MX,IAH,ATL,US,1,120
ZIH,MX,,DEN,US,0,1380
ZIH,MX,IAH,DEN,US,1,138
ZIH,MX,,DFW,US,0,3112
ZIH,MX,PHX,DTW,US,1,512
ZIH,MX,IAH,FLL,US,1,2110
ZIH,MX,,IAH,US,0,18419
ZIH,MX,,LAX,US,0,36036
ZIH,MX,,LAX,US,0,14560
ZIH,MX,PHX,LAX,US,1,744
ZIH,MX,IAH,LFT,US,1,4100
ZIH,MX,IAH,LRD,US,1,150
ZIH,MX,IAH,MCO,US,1,258
ZIH,MX,,MSP,US,0,5952
ZIH,MX,,MSP,US,0,6138
ZIH,MX,IAH,OMA,US,1,480
ZIH,MX,,ORD,US,0,287
ZIH,MX,IAH,PHL,US,1,120
ZIH,MX,,PHX,US,0,2176
ZIH,MX,,PHX,US,0,6591
ZIH,MX,IAH,PIA,US,1,250
ZIH,MX,IAH,SAN,US,1,138
ZIH,MX,IAH,SFO,US,1,364
ZIH,MX,IAH,SJC,US,1,654
ZIH,MX,IAH,TUL,US,1,50
ZIH,MX,IAH,VPS,US,1,100
ZLO,MX,IAH,ATL,US,1,100
ZLO,MX,IAH,CVG,US,1,3000
ZLO,MX,IAH,DFW,US,1,150
ZLO,MX,,IAH,US,0,7500
ZLO,MX,IAH,JAX,US,1,50
ZLO,MX,,LAX,US,0,19044
ZLO,MX,,LAX,US,0,6350
ZLO,MX,IAH,LIT,US,1,150
ZLO,MX,IAH,LRD,US,1,50
ZLO,MX,IAH,MKE,US,1,50
ZLO,MX,,MSP,US,0,1512
ZLO,MX,,MSP,US,0,1764
ZLO,MX,,PHX,US,0,172
ZLO,MX,,PHX,US,0,1820
ZLO,MX,IAH,PIA,US,1,100
ZLO,MX,IAH,PNS,US,1,100
ZLO,MX,IAH,SAT,US,1,50
MEX,MX,,CCS,VE,0,39721
MGA,NI,,YUL,CA,0,189
ECI,NI,,LIR,CR,0,160
MGA,NI,,SJO,CR,0,3124
MGA,NI,,SJO,CR,0,83274
MGA,NI,,SJO,CR,0,28320
MGA,NI,,HAV,CU,0,952
MGA,NI,SAP,HAV,CU,1,2584
MGA,NI,,HAV,CU,0,630
MGA,NI,SAP,HAV,CU,1,420
MGA,NI,,GUA,GT,0,34430
MGA,NI,,GUA,GT,0,36072
MGA,NI,,MEX,MX,0,32387
MGA,NI,,PTY,PA,0,137078
MGA,NI,SJO,PTY,PA,1,76067
MGA,NI,,PTY,PA,0,3822
MGA,NI,,SAL,SV,0,27072
MGA,NI,,SAL,SV,0,97074
MGA,NI,,ATL,US,0,52626
MGA,NI,IAH,ATL,US,1,334
MGA,NI,IAH,AUS,US,1,167
MGA,NI,IAH,BNA,US,1,167
MGA,NI,IAH,BOS,US,1,1154
MGA,NI,IAH,BWI,US,1,167
MGA,NI,IAH,CLE,US,1,501
MGA,NI,IAH,DCA,US,1,9669
MGA,NI,IAH,DEN,US,1,8080
MGA,NI,,DFW,US,0,4480
MGA,NI,IAH,DFW,US,1,501
MGA,NI,IAH,DTW,US,1,167
MGA,NI,IAH,EWR,US,1,7091
MGA,NI,DFW,FLL,US,1,2300
MGA,NI,,FLL,US,0,41669
MGA,NI,IAH,IAD,US,1,3340
MGA,NI,,IAH,US,0,14499
MGA,NI,,IAH,US,0,125357
MGA,NI,IAH,LAS,US,1,972
MGA,NI,,LAX,US,0,2720
MGA,NI,ATL,LAX,US,1,40152
MGA,NI,IAH,LAX,US,1,15618
MGA,NI,IAH,LGA,US,1,653
MGA,NI,IAH,MCO,US,1,4115
MGA,NI,,MIA,US,0,154800
MGA,NI,,MIA,US,0,61564
MGA,NI,IAH,MSY,US,1,501
MGA,NI,IAH,ORD,US,1,820
MGA,NI,IAH,PHL,US,1,3599
MGA,NI,IAH,PHX,US,1,167
MGA,NI,IAH,RDU,US,1,456
MGA,NI,IAH,SAT,US,1,167
MGA,NI,IAH,SDF,US,1,167
MGA,NI,IAH,SEA,US,1,1321
MGA,NI,IAH,SFO,US,1,6286
MGA,NI,IAH,SLC,US,1,152
MGA,NI,IAH,TPA,US,1,987
MGA,NI,,CCS,VE,0,1274
PTY,PA,,COR,AR,0,56575
PTY,PA,,EZE,AR,0,137330
PTY,PA,,AUA,AW,0,30000
PTY,PA,,AUA,AW,0,50723
PTY,PA,,VVI,BO,0,79608
PTY,PA,,BSB,BR,0,77500
PTY,PA,,CNF,BR,0,50530
PTY,PA,,GIG,BR,0,132060
PTY,PA,,GRU,BR,0,215140
PTY,PA,,MAO,BR,0,34640
PTY,PA,,POA,BR,0,50685
PTY,PA,,REC,BR,0,28241
PTY,PA,,VCP,BR,0,43555
PTY,PA,,NAS,BS,0,22451
PTY,PA,,BZE,BZ,0,658
PTY,PA,,YUL,CA,0,32395
PTY,PA,,YUL,CA,0,5980
PTY,PA,,YYZ,CA,0,17664
PTY,PA,,YYZ,CA,0,40424
PTY,PA,,YYZ,CA,0,3150
PTY,PA,,SCL,CL,0,267220
BLB,PA,,BOG,CO,0,45300
BLB,PA,,MDE,CO,0,41850
PAC,PA,,MDE,CO,0,35440
PTY,PA,,ADZ,CO,0,46728
PTY,PA,,BAQ,CO,0,64324
PTY,PA,,BGA,CO,0,31396
PTY,PA,,BOG,CO,0,154014
PTY,PA,,BOG,CO,0,324267
PTY,PA,,CLO,CO,0,137856
PTY,PA,,CTG,CO,0,91721
PTY,PA,,CUC,CO,0,25004
PTY,PA,,MDE,CO,0,238279
PTY,PA,,PEI,CO,0,54672
BOC,PA,,SJO,CR,0,5808
DAV,PA,,SJO,CR,0,7800
PAC,PA,,SJO,CR,0,17040
PTY,PA,,LIR,CR,0,10585
PTY,PA,,SJO,CR,0,108182
PTY,PA,,SJO,CR,0,382061
PTY,PA,,HAV,CU,0,319289
PTY,PA,,SNU,CU,0,13197
PTY,PA,,CUR,CW,0,20890
PTY,PA,SDQ,FRA,DE,1,14040
PTY,PA,,PUJ,DO,0,193756
PTY,PA,,SDQ,DO,0,264804
PTY,PA,,STI,DO,0,24440
PTY,PA,BOG,GYE,EC,1,40444
PTY,PA,,GYE,EC,0,212966
PTY,PA,BOG,UIO,EC,1,75480
PTY,PA,,UIO,EC,0,216599
PTY,PA,,MAD,ES,0,94040
PTY,PA,,CDG,FR,0,63288
PTY,PA,,GUA,GT,0,155510
PTY,PA,SJO,GUA,GT,1,75591
PTY,PA,,GEO,GY,0,15135
PTY,PA,,SAP,HN,0,29792
PTY,PA,SJO,SAP,HN,1,22632
PTY,PA,,TGU,HN,0,40692
PTY,PA,SJO,TGU,HN,1,51429
PTY,PA,,PAP,HT,0,25717
PTY,PA,,KIN,JM,0,21119
PTY,PA,,MBJ,JM,0,23799
PTY,PA,,GCM,KY,0,244
PTY,PA,,CUN,MX,0,317690
PTY,PA,,GDL,MX,0,35336
PTY,PA,,MEX,MX,0,28912
PTY,PA,,MEX,MX,0,266724
PTY,PA,,MTY,MX,0,24774
PTY,PA,,PBC,MX,0,8114
PTY,PA,,VSA,MX,0,6110
PTY,PA,,MGA,NI,0,137078
PTY,PA,SJO,MGA,NI,1,41637
PTY,PA,,MGA,NI,0,3822
PTY,PA,,AMS,NL,0,128803
ACU,PA,,PAC,PA,0,2920
BFQ,PA,,JQE,PA,0,832
BOC,PA,,CHX,PA,0,9550
BOC,PA,CHX,DAV,PA,1,7900
BOC,PA,,PAC,PA,0,40050
CHX,PA,,BOC,PA,0,33450
CHX,PA,,DAV,PA,0,7900
CZJ,PA,,PVE,PA,0,1208
DAV,PA,CHX,BOC,PA,1,7900
DAV,PA,,CHX,PA,0,7900
DAV,PA,,PAC,PA,0,93458
DAV,PA,,PTY,PA,0,75160
JQE,PA,,PAC,PA,0,872
MPP,PA,,PAC,PA,0,1256
OGM,PA,,MPP,PA,0,1256
OTD,PA,,SIC,PA,0,3290
PAC,PA,PYC,ACU,PA,1,2920
PAC,PA,,BFQ,PA,0,832
PAC,PA,,BOC,PA,0,10400
PAC,PA,CHX,BOC,PA,1,29500
PAC,PA,,CHX,PA,0,29500
PAC,PA,BOC,CHX,PA,1,1650
PAC,PA,,CZJ,PA,0,1208
PAC,PA,,DAV,PA,0,95908
PAC,PA,BFQ,JQE,PA,1,832
PAC,PA,OGM,MPP,PA,1,1256
PAC,PA,,OGM,PA,0,1256
PAC,PA,,OTD,PA,0,4322
PAC,PA,,PDM,PA,0,2076
PAC,PA,,PUE,PA,0,6935
PAC,PA,CZJ,PVE,PA,1,1208
PAC,PA,,PYC,PA,0,2920
PAC,PA,OTD,SIC,PA,1,3290
PTY,PA,,DAV,PA,0,75160
PUE,PA,,PAC,PA,0,6935
PVE,PA,,PAC,PA,0,1208
PYC,PA,,ACU,PA,0,2920
PTY,PA,,IQT,PE,0,7141
PTY,PA,,LIM,PE,0,262107
PTY,PA,,SJU,PR,0,108860
PTY,PA,,LIS,PT,0,40502
PTY,PA,,ASU,PY,0,85467
PTY,PA,,SAL,SV,0,55576
PTY,PA,,SAL,SV,0,75132
PTY,PA,,SXM,SX,0,28908
PTY,PA,,POS,TT,0,60303
PTY,PA,DEN,ABQ,US,1,118
PTY,PA,,ATL,US,0,58400
PTY,PA,IAH,ATL,US,1,11858
PTY,PA,IAH,AUS,US,1,835
PTY,PA,,BOS,US,0,44175
PTY,PA,DEN,BOS,US,1,4763
PTY,PA,IAH,CLE,US,1,3431
PTY,PA,IAH,DCA,US,1,167
PTY,PA,,DEN,US,0,25876
PTY,PA,EWR,DEN,US,1,1716
PTY,PA,,DFW,US,0,18050
PTY,PA,DEN,DFW,US,1,619
PTY,PA,DEN,DSM,US,1,118
PTY,PA,,EWR,US,0,86041
PTY,PA,IAH,EWR,US,1,3224
PTY,PA,,FLL,US,0,32271
PTY,PA,,FLL,US,0,28640
PTY,PA,DEN,GRR,US,1,1298
PTY,PA,,IAD,US,0,104377
PTY,PA,IAH,IAD,US,1,6332
PTY,PA,,IAH,US,0,129604
PTY,PA,DEN,IAH,US,1,3658
PTY,PA,,JFK,US,0,172112
PTY,PA,,LAS,US,0,81809
PTY,PA,IAH,LAS,US,1,3345
PTY,PA,,LAX,US,0,172670
PTY,PA,IAH,LAX,US,1,1767
PTY,PA,DEN,LGA,US,1,826
PTY,PA,,MCO,US,0,245706
PTY,PA,IAH,MCO,US,1,10572
PTY,PA,,MIA,US,0,161246
PTY,PA,,MIA,US,0,289633
PTY,PA,DEN,MSP,US,1,285
PTY,PA,,MSY,US,0,13578
PTY,PA,IAH,MSY,US,1,2505
PTY,PA,,ORD,US,0,61039
PTY,PA,ATL,ORD,US,1,56800
PTY,PA,IAH,ORD,US,1,2692
PTY,PA,EWR,PDX,US,1,2289
PTY,PA,IAH,PHL,US,1,4282
PTY,PA,IAH,PHX,US,1,987
PTY,PA,EWR,SAN,US,1,1160
PTY,PA,IAH,SEA,US,1,1261
PTY,PA,,SFO,US,0,16430
PTY,PA,IAH,SFO,US,1,12872
PTY,PA,DEN,SJC,US,1,118
PTY,PA,IAH,SMF,US,1,4494
PTY,PA,IAH,SNA,US,1,1169
PTY,PA,,TPA,US,0,27276
PTY,PA,IAH,TPA,US,1,1185
PTY,PA,,MVD,UY,0,88970
OTD,PA,,SCI,VE,0,1032
PAC,PA,OTD,SCI,VE,1,1032
PTY,PA,,BLA,VE,0,30354
PTY,PA,,CCS,VE,0,160657
PTY,PA,,CCS,VE,0,64792
PTY,PA,,CCS,VE,0,51606
PTY,PA,,MAR,VE,0,54321
PTY,PA,,VLN,VE,0,48174
SAL,SV,,BZE,BZ,0,36300
SAL,SV,,YYZ,CA,0,48428
SAL,SV,,BOG,CO,0,125590
SAL,SV,,CLO,CO,0,34300
SAL,SV,,MDE,CO,0,40044
SAL,SV,,LIR,CR,0,14472
SAL,SV,,SJO,CR,0,211294
SAL,SV,MGA,SJO,CR,1,27096
SAL,SV,,HAV,CU,0,42318
SAL,SV,,GYE,EC,0,39580
SAL,SV,,UIO,EC,0,45676
SAL,SV,,MAD,ES,0,53086
SAL,SV,,GUA,GT,0,164390
SAL,SV,,RTB,HN,0,27288
SAL,SV,,SAP,HN,0,103138
SAL,SV,,TGU,HN,0,97360
SAL,SV,,CUN,MX,0,49182
SAL,SV,,MEX,MX,0,37973
SAL,SV,,MEX,MX,0,79508
SAL,SV,,MGA,NI,0,27096
SAL,SV,,MGA,NI,0,97078
SAL,SV,,PTY,PA,0,55576
SAL,SV,,PTY,PA,0,75102
SAL,SV,,LIM,PE,0,126970
SAL,SV,,ATL,US,0,49430
SAL,SV,IAH,BOS,US,1,927
SAL,SV,IAH,BWI,US,1,1124
SAL,SV,ATL,DCA,US,1,47854
SAL,SV,IAH,DCA,US,1,1109
SAL,SV,IAH,DEN,US,1,7110
SAL,SV,,DFW,US,0,33776
SAL,SV,,DFW,US,0,26080
SAL,SV,IAH,DFW,US,1,152
SAL,SV,IAH,DTW,US,1,471
SAL,SV,,EWR,US,0,3450
SAL,SV,,EWR,US,0,10488
SAL,SV,IAH,EWR,US,1,304
SAL,SV,,FLL,US,0,22320
SAL,SV,,IAD,US,0,127204
SAL,SV,IAH,IAD,US,1,456
SAL,SV,,IAH,US,0,37564
SAL,SV,,IAH,US,0,17854
SAL,SV,,IAH,US,0,135289
SAL,SV,,JFK,US,0,109030
SAL,SV,SAP,JFK,US,1,13842
SAL,SV,IAH,LAS,US,1,456
SAL,SV,,LAX,US,0,194298
SAL,SV,,LAX,US,0,52000
SAL,SV,IAH,LAX,US,1,152
SAL,SV,IAH,LGA,US,1,1064
SAL,SV,IAH,MCO,US,1,1064
SAL,SV,,MIA,US,0,63092
SAL,SV,,MIA,US,0,49048
SAL,SV,GUA,MIA,US,1,51480
SAL,SV,MGA,MIA,US,1,61564
SAL,SV,IAH,MSY,US,1,4605
SAL,SV,IAH,OKC,US,1,912
SAL,SV,,ORD,US,0,34340
SAL,SV,IAH,ORD,US,1,11794
SAL,SV,IAH,PDX,US,1,152
SAL,SV,IAH,PHX,US,1,152
SAL,SV,IAH,PIT,US,1,608
SAL,SV,IAH,SAN,US,1,760
SAL,SV,IAH,SAT,US,1,26065
SAL,SV,IAH,SEA,US,1,1368
SAL,SV,,SFO,US,0,86280
SAL,SV,IAH,SFO,US,1,456
SAL,SV,IAH,SLC,US,1,608
SAL,SV,IAH,SNA,US,1,760
SAL,SV,IAH,TPA,US,1,167
